symbol,name,market,sector,industry,shares_held,value
VUSE,Vident Core US Equity ETF,NASDAQ,n/a,n/a,5221,$196836.89
CCMP,Cabot Microelectronics Corporation,NASDAQ,Technology,Semiconductors,8081,$19400.73
PFH,CABCO Series 2004-101 Trust,NYSE,Finance,Finance: Consumer Services,6727,$121554.85
APB,"Asia Pacific Fund Inc. (The)",NYSE,n/a,n/a,7773,$46514.56
IO,Ion Geophysical Corporation,NYSE,Energy,Oil & Gas Production,9360,$124078.82
ESGG,FlexShares STOXX Global ESG Impact Index Fund,NASDAQ,n/a,n/a,4296,$117074.22
CPSH,CPS Technologies Corp.,NASDAQ,Capital Goods,Building Materials,7323,$139948.23
ALEX,"Alexander & Baldwin Holdings Inc.",NYSE,Finance,Real Estate,8276,$114439.15
AXON          ,Axovant Sciences Ltd.,NYSE,Health Care,Major Pharmaceuticals,7721,$58209.41
JOBS,"51job Inc.",NASDAQ,Technology,Diversified Commercial Services,8794,$30786.64
KTOV,Kitov Pharmaceuticals Holdings Ltd.,NASDAQ,Health Care,Major Pharmaceuticals,1860,$224769.31
QBAK,Qualstar Corporation,NASDAQ,Technology,Electronic Components,4915,$93616.35
GHY,"Prudential Global Short Duration High Yield Fund Inc.",NYSE,n/a,n/a,9037,$35663.04
ENZY          ,Enzymotec Ltd.,NASDAQ,Consumer Durables,Specialty Chemicals,6813,$103492.46
JPM^G,J P Morgan Chase & Co,NYSE,n/a,n/a,8816,$222075.83
HIG,"Hartford Financial Services Group Inc. (The)",NYSE,Finance,Property-Casualty Insurers,9283,$123401.79
DBVT,DBV Technologies S.A.,NASDAQ,Health Care,Biotechnology: Biological Products (No Diagnostic Substances),8209,$18508.51
MBUU,"Malibu Boats Inc.",NASDAQ,Capital Goods,Marine Transportation,8294,$152759.19
FRPT,"Freshpet Inc.",NASDAQ,Consumer Non-Durables,Packaged Foods,1630,$61476.28
CATB,"Catabasis Pharmaceuticals Inc.",NASDAQ,Health Care,Major Pharmaceuticals,2014,$120957.62
CJJD,"China Jo-Jo Drugstores Inc.",NASDAQ,Consumer Durables,Specialty Chemicals,3156,$69049.23
GD,General Dynamics Corporation,NYSE,Capital Goods,Marine Transportation,2118,$173838.58
CATH,Global X S&P 500 Catholic Values ETF,NASDAQ,n/a,n/a,3576,$147188.66
NDAQ,"Nasdaq Inc.",NASDAQ,Finance,Investment Bankers/Brokers/Service,8073,$55614.61
BWFG,"Bankwell Financial Group Inc.",NASDAQ,Finance,Major Banks,1698,$77336.60
NRT,North European Oil Royality Trust,NYSE,Energy,Oil & Gas Production,8689,$98722.13
BA,Boeing Company (The),NYSE,Capital Goods,Aerospace,6626,$137486.32
JACK,Jack In The Box Inc.,NASDAQ,Consumer Services,Restaurants,8221,$111977.51
SRPT,"Sarepta Therapeutics Inc.",NASDAQ,Health Care,Major Pharmaceuticals,2745,$38024.48
TLT,iShares 20+ Year Treasury Bond ETF,NASDAQ,n/a,n/a,6324,$55146.05
INVH,Invitation Homes Inc.,NYSE,Finance,Real Estate,7938,$96372.31
ORN,"Orion Group Holdings Inc.",NYSE,Basic Industries,Military/Government/Technical,3251,$224687.12
BPOP,"Popular Inc.",NASDAQ,Finance,Major Banks,3843,$30580.05
BNS,Bank of Nova Scotia (The),NYSE,Finance,Major Banks,3075,$129534.72
KLIC,"Kulicke and Soffa Industries Inc.",NASDAQ,Technology,Semiconductors,4321,$40123.73
RCON,"Recon Technology  Ltd.",NASDAQ,Energy,Oilfield Services/Equipment,7812,$184440.53
PDLI,"PDL BioPharma Inc.",NASDAQ,Health Care,Biotechnology: Biological Products (No Diagnostic Substances),8475,$143728.61
AJG,Arthur J. Gallagher & Co.,NYSE,Finance,Specialty Insurers,7641,$173855.32
HBM,Hudbay Minerals Inc.,NYSE,Basic Industries,Precious Metals,9206,$232569.05
PTSI,"P.A.M. Transportation Services Inc.",NASDAQ,Transportation,Trucking Freight/Courier Services,6324,$234341.44
ADRD,BLDRS Developed Markets 100 ADR Index Fund,NASDAQ,n/a,n/a,2945,$93270.46
SGZA,"Selective Insurance Group Inc.",NYSE,Finance,Property-Casualty Insurers,6816,$245691.58
CLPR,Clipper Realty Inc.,NYSE,Consumer Services,Real Estate Investment Trusts,6357,$26315.32
BECN,"Beacon Roofing Supply Inc.",NASDAQ,Consumer Services,RETAIL: Building Materials,8007,$55946.16
TYPE,Monotype Imaging Holdings Inc.,NASDAQ,Technology,EDP Services,4666,$160173.04
VTTI,VTTI Energy Partners LP,NYSE,Energy,Oil Refining/Marketing,3189,$56957.10
CVGI,"Commercial Vehicle Group Inc.",NASDAQ,Capital Goods,Auto Parts:O.E.M.,7672,$100759.53
WHG,Westwood Holdings Group Inc,NYSE,Finance,Investment Managers,8838,$12996.60
TNH,"Terra Nitrogen Company  L.P.",NYSE,Basic Industries,Agricultural Chemicals,3572,$34595.08
FAD,First Trust Multi Cap Growth AlphaDEX Fund,NASDAQ,n/a,n/a,9668,$96999.63
VRTX,Vertex Pharmaceuticals Incorporated,NASDAQ,Health Care,Major Pharmaceuticals,1746,$187401.51
CTBB,Qwest Corporation,NYSE,Public Utilities,Telecommunications Equipment,2638,$46558.81
VIDI,Vident International Equity Fund,NASDAQ,n/a,n/a,9908,$185822.30
DRRX,DURECT Corporation,NASDAQ,Health Care,Major Pharmaceuticals,5123,$201439.99
DYN^A,Dynegy Inc.,NYSE,n/a,n/a,6435,$175093.18
PETX,"Aratana Therapeutics Inc.",NASDAQ,Health Care,Major Pharmaceuticals,6341,$37264.98
BYFC,Broadway Financial Corporation,NASDAQ,Finance,Savings Institutions,1918,$208438.96
NXTM,"NxStage Medical Inc.",NASDAQ,Health Care,Biotechnology: Electromedical & Electrotherapeutic Apparatus,7207,$86904.64
NK,"NantKwest Inc.",NASDAQ,Health Care,Biotechnology: Biological Products (No Diagnostic Substances),7123,$166338.85
UNIT,Uniti Group Inc.,NASDAQ,Consumer Services,Real Estate Investment Trusts,8713,$191184.26
NUO,Nuveen Ohio Quality Municipal Income Fund,NYSE,n/a,n/a,8109,$55778.09
NPO,EnPro Industries,NYSE,Basic Industries,Metal Fabrications,1916,$17421.78
CPF,CPB Inc.,NYSE,Finance,Major Banks,9953,$234165.97
GHC,Graham Holdings Company,NYSE,Consumer Services,Other Consumer Services,2070,$150716.34
UGP,Ultrapar Participacoes S.A.,NYSE,Public Utilities,Oil/Gas Transmission,5231,$198853.81
VNTV,"Vantiv Inc.",NYSE,Miscellaneous,Business Services,7710,$28629.67
WFC^J,Wells Fargo & Company,NYSE,n/a,n/a,8074,$51633.95
QVCA,Liberty Interactive Corporation,NASDAQ,Consumer Services,Catalog/Specialty Distribution,2030,$172400.03
ITG,"Investment Technology Group Inc.",NYSE,Finance,Investment Bankers/Brokers/Service,4120,$136724.24
VCO,Vina Concha Y Toro,NYSE,Consumer Non-Durables,Beverages (Production/Distribution),7621,$245942.36
SOJA,Southern Company (The),NYSE,Public Utilities,Electric Utilities: Central,2522,$104684.78
XOM,Exxon Mobil Corporation,NYSE,Energy,Integrated oil Companies,6992,$161638.98
FYT,First Trust Small Cap Value AlphaDEX Fund,NASDAQ,n/a,n/a,3782,$177828.39
MSD,"Morgan Stanley Emerging Markets Debt Fund Inc.",NYSE,n/a,n/a,4135,$22435.47
XL,XL Group Ltd.,NYSE,Finance,Property-Casualty Insurers,8590,$20436.63
MPA,Blackrock MuniYield Pennsylvania Quality Fund,NYSE,n/a,n/a,4183,$81532.68
FHCO,Female Health Company (The),NASDAQ,Basic Industries,Specialty Chemicals,8394,$144391.46
TEI,"Templeton Emerging Markets Income Fund Inc.",NYSE,n/a,n/a,9734,$194491.21
INTC,Intel Corporation,NASDAQ,Technology,Semiconductors,3724,$91604.70
HIE,Miller/Howard High Income Equity Fund,NYSE,n/a,n/a,5505,$34124.69
SRDX,"Surmodics Inc.",NASDAQ,Health Care,Medical/Dental Instruments,4430,$35706.38
FDTS,First Trust Developed Markets ex-US Small Cap AlphaDEX Fund,NASDAQ,n/a,n/a,6942,$240159.13
TRC,Tejon Ranch Co,NYSE,Finance,Real Estate,5726,$216185.20
BP,BP p.l.c.,NYSE,Energy,Integrated oil Companies,1760,$175340.20
CIF,Colonial Intermediate High Income Fund,NYSE,n/a,n/a,2827,$129269.28
MNDO,MIND C.T.I. Ltd.,NASDAQ,Technology,EDP Services,1715,$87531.64
GOLF,Acushnet Holdings Corp.,NYSE,Consumer Non-Durables,Recreational Products/Toys,4169,$177028.59
ABY,Atlantica Yield plc,NASDAQ,Public Utilities,Electric Utilities: Central,1993,$92399.73
ECOM          ,ChannelAdvisor Corporation,NYSE,Technology,Computer Software: Prepackaged Software,3517,$70374.10
CME,CME Group Inc.,NASDAQ,Finance,Investment Bankers/Brokers/Service,6482,$83359.74
RNG,"Ringcentral Inc.",NYSE,Technology,EDP Services,7075,$237407.04
AFGH,"American Financial Group Inc.",NYSE,Finance,Property-Casualty Insurers,4292,$62673.45
MBSD,FlexShares Disciplined Duration MBS Index Fund,NASDAQ,n/a,n/a,2113,$232721.33
LNDC,Landec Corporation,NASDAQ,Basic Industries,Major Chemicals,6655,$179955.91
KODK.WS.A,Eastman Kodak Company,NYSE,n/a,n/a,7859,$112247.87
VSH,"Vishay Intertechnology Inc.",NYSE,Capital Goods,Electrical Products,6318,$179706.63
TROV,"TrovaGene Inc.",NASDAQ,Health Care,Biotechnology: Biological Products (No Diagnostic Substances),1550,$31668.29
WPC,W.P. Carey Inc.,NYSE,Consumer Services,Real Estate Investment Trusts,1674,$221130.26
TTM,Tata Motors Ltd,NYSE,Capital Goods,Auto Manufacturing,7893,$61948.10
PTEN,"Patterson-UTI Energy Inc.",NASDAQ,Energy,Oil & Gas Production,7314,$156531.38
GNTY,"Guaranty Bancshares Inc.",NASDAQ,Finance,Major Banks,9962,$126817.66
ABRN,Arbor Realty Trust,NYSE,Consumer Services,Real Estate Investment Trusts,2756,$216287.08
CIM,Chimera Investment Corporation,NYSE,Consumer Services,Real Estate Investment Trusts,3878,$123574.18
WUBA,58.com Inc.,NYSE,Technology,"Computer Software: Programming  Data Processing",8853,$84400.13
BMLA,BullMark LatAm Select Leaders ETF,NASDAQ,n/a,n/a,3086,$113128.18
FDEF,First Defiance Financial Corp.,NASDAQ,Finance,Savings Institutions,2968,$241217.39
OCLR,"Oclaro Inc.",NASDAQ,Technology,Semiconductors,4292,$242556.82
LITB,"LightInTheBox Holding Co.  Ltd.",NYSE,Consumer Services,Catalog/Specialty Distribution,2432,$242962.63
AFH,"Atlas Financial Holdings Inc.",NASDAQ,Finance,Property-Casualty Insurers,2887,$205463.93
ALEX,"Alexander & Baldwin Holdings Inc.",NYSE,Finance,Real Estate,6030,$163834.72
CDR,"Cedar Realty Trust Inc.",NYSE,Consumer Services,Real Estate Investment Trusts,2537,$110434.77
AMRS,"Amyris Inc.",NASDAQ,Basic Industries,Major Chemicals,5998,$167235.17
VUSE,Vident Core US Equity ETF,NASDAQ,n/a,n/a,5720,$146232.13
GAM,"General American Investors Inc.",NYSE,n/a,n/a,3436,$126969.32
SLF,Sun Life Financial Inc.,NYSE,Finance,Life Insurance,6652,$84270.92
FOXF,Fox Factory Holding Corp.,NASDAQ,Consumer Non-Durables,Motor Vehicles,6677,$229405.15
SGRY,"Surgery Partners Inc.",NASDAQ,Health Care,Hospital/Nursing Management,2407,$78288.49
RM,Regional Management Corp.,NYSE,Finance,Finance: Consumer Services,9490,$133857.32
APLE,"Apple Hospitality REIT Inc.",NYSE,Consumer Services,Real Estate Investment Trusts,6088,$214052.50
TCO,"Taubman Centers Inc.",NYSE,Consumer Services,Real Estate Investment Trusts,5258,$71239.87
FKO,First Trust South Korea AlphaDEX Fund,NASDAQ,n/a,n/a,5276,$42758.53
HT^C,Hersha Hospitality Trust,NYSE,n/a,n/a,6088,$58831.85
OTEX,Open Text Corporation,NASDAQ,Technology,EDP Services,2561,$216450.25
DRQ,"Dril-Quip Inc.",NYSE,Energy,Metal Fabrications,9888,$117075.47
PCMI,"PCM Inc.",NASDAQ,Consumer Services,Catalog/Specialty Distribution,5393,$125979.06
SNAK,"Inventure Foods Inc.",NASDAQ,Consumer Non-Durables,Packaged Foods,7163,$33874.75
ATLO,Ames National Corporation,NASDAQ,Finance,Major Banks,9416,$154352.24
MVIS,"Microvision Inc.",NASDAQ,Capital Goods,Industrial Machinery/Components,4420,$131819.69
STI.WS.A,"SunTrust Banks Inc.",NYSE,n/a,n/a,6005,$228000.71
RNR^C,RenaissanceRe Holdings Ltd.,NYSE,n/a,n/a,3548,$74474.64
IESC,"IES Holdings Inc.",NASDAQ,Capital Goods,Engineering & Construction,5698,$224815.89
IPGP,IPG Photonics Corporation,NASDAQ,Technology,Semiconductors,6700,$109505.66
EGO,Eldorado Gold Corporation,NYSE,Basic Industries,Precious Metals,8429,$249545.09
HVBC,"HV Bancorp Inc.",NASDAQ,Finance,Major Banks,6308,$200718.86
BVXVW,BiondVax Pharmaceuticals Ltd.,NASDAQ,Health Care,Biotechnology: Biological Products (No Diagnostic Substances),8805,$165244.38
OPHC,"OptimumBank Holdings Inc.",NASDAQ,Finance,Major Banks,3427,$67317.44
ARNC^B,Arconic Inc.,NYSE,n/a,n/a,6230,$169978.38
ICHR,Ichor Holdings,NASDAQ,Technology,Semiconductors,7366,$239184.87
DTK,Deutsche Bank AG,NYSE,Finance,Major Banks,4600,$137464.65
SRCE,1st Source Corporation,NASDAQ,Finance,Major Banks,8702,$242349.86
USEG,U.S. Energy Corp.,NASDAQ,Energy,Oil & Gas Production,5423,$95245.56
RSO^B,Resource Capital Corp.,NYSE,n/a,n/a,8046,$112516.12
RAND,Rand Capital Corporation,NASDAQ,n/a,n/a,2344,$168626.06
VSDA,VictoryShares Dividend Accelerator ETF,NASDAQ,n/a,n/a,6568,$125117.03
MTL^,Mechel PAO,NYSE,n/a,n/a,4288,$204188.22
SMI,Semiconductor  Manufacturing International Corporation,NYSE,Technology,Semiconductors,5575,$172343.86
IR,Ingersoll-Rand plc (Ireland),NYSE,Capital Goods,Auto Parts:O.E.M.,4835,$12490.06
PTH,PowerShares DWA Healthcare Momentum Portfolio,NASDAQ,n/a,n/a,4057,$195339.97
JBLU,JetBlue Airways Corporation,NASDAQ,Transportation,Air Freight/Delivery Services,4093,$226553.67
AUY,Yamana Gold Inc.,NYSE,Basic Industries,Precious Metals,3817,$63733.98
HAWK,"Blackhawk Network Holdings Inc.",NASDAQ,Finance,Finance: Consumer Services,9190,$118004.03
SPRT,"support.com Inc.",NASDAQ,Technology,EDP Services,5759,$29437.43
FOLD,"Amicus Therapeutics Inc.",NASDAQ,Health Care,Major Pharmaceuticals,5721,$61965.09
PNI,Pimco New York Municipal Income Fund II,NYSE,n/a,n/a,4319,$226678.04
PDM,"Piedmont Office Realty Trust Inc.",NYSE,Consumer Services,Building operators,5522,$171468.79
CMTL,Comtech Telecommunications Corp.,NASDAQ,Technology,Radio And Television Broadcasting And Communications Equipment,9985,$202162.70
TNP^E,Tsakos Energy Navigation Ltd,NYSE,n/a,n/a,8778,$38332.81
LB,"L Brands Inc.",NYSE,Consumer Services,Clothing/Shoe/Accessory Stores,8560,$208916.58
DGX,Quest Diagnostics Incorporated,NYSE,Health Care,Medical Specialities,6645,$122567.34
MS^K,Morgan Stanley,NYSE,n/a,n/a,2786,$82271.45
GOOG,Alphabet Inc.,NASDAQ,Technology,"Computer Software: Programming  Data Processing",2001,$98431.17
NVLN,Novelion Therapeutics Inc. ,NASDAQ,Health Care,Major Pharmaceuticals,5756,$11800.32
RXIIW,RXi Pharmaceuticals Corporation,NASDAQ,Health Care,Major Pharmaceuticals,7450,$133718.52
GCBC,"Greene County Bancorp Inc.",NASDAQ,Finance,Banks,4395,$205341.43
WDC,Western Digital Corporation,NASDAQ,Technology,Electronic Components,9097,$141631.24
AMOV,"America Movil  S.A.B. de C.V.",NYSE,Public Utilities,Telecommunications Equipment,6454,$84301.60
BPOPM,"Popular Inc.",NASDAQ,Finance,Major Banks,3260,$198360.45
PTR,PetroChina Company Limited,NYSE,Energy,Oil & Gas Production,7682,$215229.03
EDUC,Educational Development Corporation,NASDAQ,Consumer Durables,Consumer Specialties,4609,$228593.69
CATB,"Catabasis Pharmaceuticals Inc.",NASDAQ,Health Care,Major Pharmaceuticals,9504,$143744.78
SPRT,"support.com Inc.",NASDAQ,Technology,EDP Services,2439,$241407.35
CR,Crane Company,NYSE,Capital Goods,Metal Fabrications,9854,$77469.88
ENFC,Entegra Financial Corp.,NASDAQ,Finance,Banks,7434,$209672.75
TD,Toronto Dominion Bank (The),NYSE,Finance,Commercial Banks,7423,$158665.73
ARI^C,Apollo Commercial Real Estate Finance,NYSE,n/a,n/a,8029,$198300.57
DWFI,SPDR Dorsey Wright Fixed Income Allocation ETF,NASDAQ,n/a,n/a,8247,$42571.60
KOSS,Koss Corporation,NASDAQ,Consumer Non-Durables,Consumer Electronics/Appliances,2971,$133363.59
NUM,Nuveen Michigan Quality Municipal Income Fund,NYSE,n/a,n/a,8330,$160602.86
BBBY,Bed Bath & Beyond Inc.,NASDAQ,Consumer Services,Home Furnishings,6382,$66479.75
WILC,"G. Willi-Food International   Ltd.",NASDAQ,Consumer Non-Durables,Food Distributors,9254,$170108.07
MA,Mastercard Incorporated,NYSE,Miscellaneous,Business Services,5126,$48097.52
CG,The Carlyle Group L.P.,NASDAQ,Finance,Investment Managers,1700,$80495.19
UCP,"UCP Inc.",NYSE,Capital Goods,Homebuilding,6988,$64330.24
OIS,"Oil States International Inc.",NYSE,Energy,Metal Fabrications,4166,$134325.20
TKR,Timken Company (The),NYSE,Capital Goods,Metal Fabrications,9010,$73232.01
MPCT,iShares MSCI Global Impact ETF,NASDAQ,n/a,n/a,9318,$182516.84
FANG,"Diamondback Energy Inc.",NASDAQ,Energy,Oil & Gas Production,2958,$231447.35
PSA^U,Public Storage,NYSE,Consumer Services,Real Estate Investment Trusts,3403,$222010.72
OII,"Oceaneering International Inc.",NYSE,Energy,Oilfield Services/Equipment,2392,$31077.21
CYRX,"CryoPort Inc.",NASDAQ,Transportation,Oil Refining/Marketing,7407,$191280.13
UNVR,Univar Inc.,NYSE,Consumer Durables,Specialty Chemicals,7322,$211982.92
GHDX,"Genomic Health Inc.",NASDAQ,Health Care,Medical Specialities,6835,$218673.30
OPHC,"OptimumBank Holdings Inc.",NASDAQ,Finance,Major Banks,7713,$131905.97
WING,Wingstop Inc.,NASDAQ,Consumer Services,Restaurants,2632,$201109.96
AGNC,AGNC Investment Corp.,NASDAQ,Consumer Services,Real Estate Investment Trusts,6966,$97697.12
ARWR,"Arrowhead Pharmaceuticals Inc.",NASDAQ,Health Care,Major Pharmaceuticals,8351,$107565.78
EAGLU,Double Eagle Acquisition Corp.,NASDAQ,Finance,Business Services,8489,$21536.28
RZB,"Reinsurance Group of America Incorporated",NYSE,Finance,Life Insurance,1891,$223887.83
RWT,"Redwood Trust Inc.",NYSE,Consumer Services,Real Estate Investment Trusts,4077,$107824.96
COTY,Coty Inc.,NYSE,Consumer Non-Durables,Package Goods/Cosmetics,7034,$110492.54
NWFL,Norwood Financial Corp.,NASDAQ,Finance,Major Banks,7799,$18765.31
CIL,VictoryShares International Volatility Wtd ETF,NASDAQ,n/a,n/a,9983,$57684.25
NTEST.A,NASDAQ TEST STOCK,NYSE,n/a,n/a,6588,$233700.61
MGCD,MGC Diagnostics Corporation,NASDAQ,Health Care,Medical/Dental Instruments,7413,$80119.16
GRVY,"GRAVITY Co.  Ltd.",NASDAQ,Miscellaneous,Business Services,7377,$21528.77
YECO,Yulong Eco-Materials Limited,NASDAQ,Capital Goods,Building Materials,9664,$208945.08
TOL,Toll Brothers Inc.,NYSE,Capital Goods,Homebuilding,4291,$139292.21
AMP,"AMERIPRISE FINANCIAL SERVICES Inc.",NYSE,Finance,Investment Managers,8038,$231065.00
DX,"Dynex Capital Inc.",NYSE,Consumer Services,Real Estate Investment Trusts,7992,$237867.74
ESG,FlexShares STOXX US ESG Impact Index Fund,NASDAQ,n/a,n/a,5164,$124074.95
PAYC,"Paycom Software Inc.",NYSE,Technology,Computer Software: Prepackaged Software,8563,$17659.32
DRD,DRDGOLD Limited,NYSE,Basic Industries,Precious Metals,6539,$82703.73
GOOGL,Alphabet Inc.,NASDAQ,Technology,"Computer Software: Programming  Data Processing",8557,$245842.64
QURE,uniQure N.V.,NASDAQ,Health Care,Major Pharmaceuticals,4813,$248965.09
STOR,STORE Capital Corporation,NYSE,Consumer Services,Real Estate Investment Trusts,3617,$133194.32
DLTH,Duluth Holdings Inc.,NASDAQ,Consumer Services,Clothing/Shoe/Accessory Stores,2838,$56853.77
MYI,"Blackrock MuniYield Quality Fund III Inc.",NYSE,n/a,n/a,5087,$218669.36
KB,KB Financial Group Inc,NYSE,Finance,Commercial Banks,9530,$66361.97
ETSY,"Etsy Inc.",NASDAQ,Miscellaneous,Business Services,7516,$209981.19
TCX,Tucows Inc.,NASDAQ,Technology,EDP Services,8404,$206113.20
NIQ,Nuveenn Intermediate Duration Quality Municipal Term Fund,NYSE,n/a,n/a,4216,$249095.15
EMKR,EMCORE Corporation,NASDAQ,Technology,Semiconductors,5242,$38173.47
AEL,American Equity Investment Life Holding Company,NYSE,Finance,Life Insurance,3926,$137342.12
TEP,"Tallgrass Energy Partners  LP",NYSE,Public Utilities,Natural Gas Distribution,3192,$14509.51
LABL,Multi-Color Corporation,NASDAQ,Miscellaneous,Publishing,8836,$75223.27
EMR,Emerson Electric Company,NYSE,Energy,Consumer Electronics/Appliances,3112,$106340.10
VTL,"Vital Therapies Inc.",NASDAQ,Health Care,Major Pharmaceuticals,1758,$133240.29
NMY,Nuveen Maryland Quality Municipal Income Fund,NYSE,n/a,n/a,8055,$17454.80
BICK,First Trust BICK Index Fund,NASDAQ,n/a,n/a,4430,$137316.79
EWZS,iShares MSCI Brazil Small-Cap ETF,NASDAQ,n/a,n/a,4240,$161198.54
BML^J,Bank of America Corporation,NYSE,n/a,n/a,3598,$167162.79
GAINN,Gladstone Investment Corporation,NASDAQ,n/a,n/a,7314,$93656.34
BGE^B,Baltimore Gas & Electric Company,NYSE,n/a,n/a,9368,$90643.64
BF.B,Brown Forman Corporation,NYSE,n/a,n/a,4740,$140530.12
XCRA,Xcerra Corporation,NASDAQ,Capital Goods,Electrical Products,8333,$176271.87
UDBI,Legg Mason US Diversified Core ETF,NASDAQ,n/a,n/a,4891,$137058.94
MLAB,"Mesa Laboratories Inc.",NASDAQ,Capital Goods,Industrial Machinery/Components,9351,$176875.89
JCO,Nuveen Credit Opportunities 2022 Target Term Fund,NYSE,n/a,n/a,6853,$205557.41
DUSA,Davis Select U.S. Equity ETF,NASDAQ,n/a,n/a,7917,$151499.65
GFED,"Guaranty Federal Bancshares Inc.",NASDAQ,Finance,Major Banks,4530,$92626.26
DFBG,Differential Brands Group Inc.,NASDAQ,Consumer Non-Durables,Apparel,2910,$92693.83
AYR,Aircastle Limited,NYSE,Technology,Diversified Commercial Services,6629,$127233.97
PRFT,"Perficient Inc.",NASDAQ,Technology,EDP Services,6814,$32525.22
NEU,NewMarket Corporation,NYSE,Basic Industries,Major Chemicals,2492,$102581.09
HCI,"HCI Group Inc.",NYSE,Finance,Property-Casualty Insurers,7501,$231286.69
CNXN,"PC Connection Inc.",NASDAQ,Consumer Services,Catalog/Specialty Distribution,4094,$79109.29
HCAPL,Harvest Capital Credit Corporation,NASDAQ,n/a,n/a,3208,$197229.80
BAC^C,Bank of America Corporation,NYSE,n/a,n/a,7771,$238770.38
NCI,"Navigant Consulting Inc.",NYSE,Consumer Services,Professional Services,7776,$121314.42
PUK^A,Prudential Public Limited Company,NYSE,n/a,n/a,7663,$42273.06
CGEN,Compugen Ltd.,NASDAQ,Health Care,Biotechnology: Biological Products (No Diagnostic Substances),5761,$17048.92
GMRE,Global Medical REIT Inc.,NYSE,Consumer Services,Real Estate Investment Trusts,7701,$201676.45
ASMB,"Assembly Biosciences Inc.",NASDAQ,Health Care,Major Pharmaceuticals,4018,$150448.54
EGL,"Engility Holdings Inc.",NYSE,Consumer Services,Military/Government/Technical,7673,$46916.16
SATS,EchoStar Corporation,NASDAQ,Technology,Radio And Television Broadcasting And Communications Equipment,2480,$248372.22
HUNTW,Hunter Maritime Acquisition Corp.,NASDAQ,Transportation,Oil Refining/Marketing,8519,$105930.67
HASI,"Hannon Armstrong Sustainable Infrastructure Capital Inc.",NYSE,Consumer Services,Real Estate Investment Trusts,6985,$170403.42
EEFT,"Euronet Worldwide Inc.",NASDAQ,Finance,Investment Bankers/Brokers/Service,6537,$79957.38
DLNG,Dynagas LNG Partners LP,NYSE,Consumer Services,Marine Transportation,6689,$103109.87
ORN,"Orion Group Holdings Inc.",NYSE,Basic Industries,Military/Government/Technical,3467,$225784.93
ICUI,"ICU Medical Inc.",NASDAQ,Health Care,Medical/Dental Instruments,7778,$171766.88
IPCC,Infinity Property and Casualty Corporation,NASDAQ,Finance,Property-Casualty Insurers,8241,$37723.44
NRP,Natural Resource Partners LP,NYSE,Energy,Coal Mining,3314,$91899.87
ZTO,ZTO Express (Cayman) Inc.,NYSE,Transportation,Trucking Freight/Courier Services,5095,$111337.83
TACT,TransAct Technologies Incorporated,NASDAQ,Technology,Computer peripheral equipment,1987,$248954.09
ZNH,China Southern Airlines Company Limited,NYSE,Transportation,Air Freight/Delivery Services,5498,$23252.79
FKU,First Trust United Kingdom AlphaDEX Fund,NASDAQ,n/a,n/a,8476,$229872.93
PTF,PowerShares DWA Technology Momenum Portfolio,NASDAQ,n/a,n/a,7412,$107731.99
TLK,"PT Telekomunikasi Indonesia  Tbk",NYSE,Public Utilities,Telecommunications Equipment,4266,$109110.10
FOMX,Foamix Pharmaceuticals Ltd.,NASDAQ,Consumer Durables,Specialty Chemicals,5555,$221554.50
AKR,Acadia Realty Trust,NYSE,Consumer Services,Real Estate Investment Trusts,3871,$89123.43
MTOR,"Meritor Inc.",NYSE,Capital Goods,Auto Parts:O.E.M.,9621,$155021.64
FISI,"Financial Institutions Inc.",NASDAQ,Finance,Major Banks,2676,$50558.36
NTCT,"NetScout Systems Inc.",NASDAQ,Technology,EDP Services,8445,$134952.02
THQ,Tekla Healthcare Opportunies Fund,NYSE,n/a,n/a,4915,$171676.30
CDOR,"Condor Hospitality Trust Inc.",NASDAQ,Consumer Services,Real Estate Investment Trusts,3746,$165822.66
NEON,Neonode Inc.,NASDAQ,Capital Goods,Industrial Machinery/Components,8485,$147151.34
BIP,Brookfield Infrastructure Partners LP,NYSE,Consumer Services,Marine Transportation,8963,$160738.75
IFF,"Internationa Flavors & Fragrances Inc.",NYSE,Basic Industries,Major Chemicals,9897,$110486.86
RBS^L,Royal Bank Scotland plc (The),NYSE,n/a,n/a,4071,$217695.82
NAC,Nuveen California Quality Municipal Income Fund,NYSE,n/a,n/a,1942,$248395.11
SMM,Salient Midstream & MLP Fund,NYSE,n/a,n/a,6973,$118811.14
KMDA,Kamada Ltd.,NASDAQ,Health Care,Major Pharmaceuticals,8117,$65574.27
OSG,"Overseas Shipholding Group Inc.",NYSE,Transportation,Marine Transportation,1660,$84214.17
MACK,"Merrimack Pharmaceuticals Inc.",NASDAQ,Health Care,Major Pharmaceuticals,1833,$175392.99
DNI,Dividend and Income Fund,NYSE,n/a,n/a,2641,$122955.70
SSP,E.W. Scripps Company (The),NYSE,Consumer Services,Broadcasting,3725,$247927.37
JSMD,Janus Henderson Small/Mid Cap Growth Alpha ETF,NASDAQ,n/a,n/a,4257,$189148.83
VALE.P,VALE S.A.,NYSE,n/a,n/a,7054,$232966.45
TWI,"Titan International Inc.",NYSE,Basic Industries,Steel/Iron Ore,9636,$69502.39
LVHD,Legg Mason Low Volatility High Dividend ETF,NASDAQ,n/a,n/a,7024,$128464.15
ASA,ASA Gold and Precious Metals Limited,NYSE,n/a,n/a,6610,$112877.30
WWE,"World Wrestling Entertainment Inc.",NYSE,Consumer Services,Movies/Entertainment,2170,$113472.50
TOWR,"Tower International Inc.",NYSE,Capital Goods,Auto Parts:O.E.M.,8287,$53601.98
RUTH,"Ruth's Hospitality Group Inc.",NASDAQ,Consumer Services,Restaurants,4864,$153228.20
NXC,Nuveen Insured California Select Tax-Free Income Portfolio,NYSE,n/a,n/a,7227,$141619.53
SNPS,"Synopsys Inc.",NASDAQ,Technology,Computer Software: Prepackaged Software,5132,$236155.50
WFC^R,Wells Fargo & Company,NYSE,n/a,n/a,3033,$117980.45
IROQ,"IF Bancorp Inc.",NASDAQ,Finance,Savings Institutions,7155,$197889.35
MB,"MINDBODY Inc.",NASDAQ,Technology,EDP Services,5152,$92274.17
FNK,First Trust Mid Cap Value AlphaDEX Fund,NASDAQ,n/a,n/a,5052,$139714.98
HDSN,"Hudson Technologies Inc.",NASDAQ,Consumer Durables,Industrial Specialties,4589,$94627.86
FTXD,First Trust Nasdaq Retail ETF,NASDAQ,n/a,n/a,6587,$158116.99
GHC,Graham Holdings Company,NYSE,Consumer Services,Other Consumer Services,6275,$100855.30
FB,"Facebook Inc.",NASDAQ,Technology,"Computer Software: Programming  Data Processing",5241,$167119.23
QINC,First Trust RBA Quality Income ETF,NASDAQ,n/a,n/a,5770,$209273.12
ANTM,"Anthem Inc.",NYSE,Health Care,Medical Specialities,2901,$226974.17
RNDB,"Randolph Bancorp Inc.",NASDAQ,Finance,Major Banks,1570,$168102.94
HTF,Horizon Technology Finance Corporation,NYSE,n/a,n/a,8153,$34768.06
NNA,Navios Maritime Acquisition Corporation,NYSE,Transportation,Marine Transportation,2604,$98766.04
FBSS,"Fauquier Bankshares Inc.",NASDAQ,Finance,Major Banks,2942,$128940.65
VR^A,"Validus Holdings  Ltd.",NYSE,n/a,n/a,5996,$90925.70
PICO,PICO Holdings Inc.,NASDAQ,Finance,Real Estate,4548,$81612.80
SVU,SuperValu Inc.,NYSE,Consumer Non-Durables,Food Distributors,2044,$140349.75
MMSI,"Merit Medical Systems Inc.",NASDAQ,Health Care,Medical/Dental Instruments,5004,$80382.90
PAHC,Phibro Animal Health Corporation,NASDAQ,Health Care,Major Pharmaceuticals,5449,$187178.97
GPIA,GP Investments Acquisition Corp.,NASDAQ,Consumer Durables,Home Furnishings,8236,$112373.50
TDE,"Telephone and Data Systems Inc.",NYSE,Public Utilities,Telecommunications Equipment,9215,$50013.79
BXP,"Boston Properties Inc.",NYSE,Consumer Services,Real Estate Investment Trusts,5073,$218337.76
CVLT,"Commvault Systems Inc.",NASDAQ,Technology,Computer Software: Prepackaged Software,8358,$231978.35
BCH,Banco De Chile,NYSE,Finance,Commercial Banks,1891,$20146.58
MNGA,MagneGas Corporation,NASDAQ,Technology,Industrial Machinery/Components,8814,$161783.98
PSTI,"Pluristem Therapeutics Inc.",NASDAQ,Health Care,Biotechnology: Biological Products (No Diagnostic Substances),2025,$155832.04
XCO,EXCO Resources NL,NYSE,Energy,Oil & Gas Production,6435,$110328.92
RNR,RenaissanceRe Holdings Ltd.,NYSE,Finance,Property-Casualty Insurers,2552,$136258.90
ELY,Callaway Golf Company,NYSE,Consumer Non-Durables,Recreational Products/Toys,8700,$174505.28
KODK.WS,Eastman Kodak Company,NYSE,n/a,n/a,2081,$73191.46
JWN,"Nordstrom Inc.",NYSE,Consumer Services,Clothing/Shoe/Accessory Stores,5921,$21764.75
SMIT,"Schmitt Industries Inc.",NASDAQ,Capital Goods,Industrial Machinery/Components,4578,$193788.42
FKLYU,"Frankly Inc.",NASDAQ,n/a,n/a,1564,$48368.19
TFX,Teleflex Incorporated,NYSE,Health Care,Medical/Dental Instruments,9276,$147414.58
DISCA,"Discovery Communications Inc.",NASDAQ,Consumer Services,Television Services,1507,$223590.41
EOT,Eaton Vance Municipal Income Trust,NYSE,n/a,n/a,3671,$13494.19
WEC,"WEC Energy Group Inc.",NYSE,Public Utilities,Power Generation,2783,$81624.02
ASGN,"On Assignment Inc.",NYSE,Technology,Professional Services,3528,$55445.00
CEZ,VictoryShares Emerging Market Volatility Wtd ETF,NASDAQ,n/a,n/a,3788,$239461.31
OII,"Oceaneering International Inc.",NYSE,Energy,Oilfield Services/Equipment,8131,$128628.32
CVO,Cenveo Inc,NYSE,Consumer Durables,Containers/Packaging,4135,$90990.47
RILY,"B. Riley Financial Inc.",NASDAQ,Miscellaneous,Business Services,4272,$63709.77
OSBC,"Old Second Bancorp Inc.",NASDAQ,Finance,Major Banks,2840,$189268.39
SCE^K,Southern California Edison Company,NYSE,n/a,n/a,7232,$18275.73
CMU,Colonial Municipal Income Trust,NYSE,n/a,n/a,2647,$232433.51
EVN,Eaton Vance Municipal Income Trust,NYSE,n/a,n/a,7758,$17478.68
NEE^K,"NextEra Energy Inc.",NYSE,n/a,n/a,6812,$128164.46
SCD,LMP Capital and Income Fund Inc.,NYSE,n/a,n/a,2513,$134100.08
GAB^J,"Gabelli Equity Trust Inc. (The)",NYSE,n/a,n/a,3459,$241150.49
MNI,McClatchy Company (The),NYSE,Consumer Services,Newspapers/Magazines,4458,$15104.51
NMM,Navios Maritime Partners LP,NYSE,Transportation,Marine Transportation,3258,$217049.58
KFS,"Kingsway Financial Services Inc.",NYSE,Finance,Property-Casualty Insurers,7507,$31840.54
WIFI,"Boingo Wireless Inc.",NASDAQ,Consumer Services,Telecommunications Equipment,4002,$79502.81
AVH,Avianca Holdings S.A.,NYSE,Transportation,Air Freight/Delivery Services,3346,$227557.59
PHH,PHH Corp,NYSE,Finance,Diversified Financial Services,3577,$83650.35
VVV,Valvoline Inc.,NYSE,Basic Industries,Major Chemicals,6250,$168745.21
KBAL,"Kimball International Inc.",NASDAQ,Consumer Durables,Home Furnishings,6514,$113708.78
EXAC,"Exactech Inc.",NASDAQ,Health Care,Industrial Specialties,6488,$63690.75
GSIT,"GSI Technology Inc.",NASDAQ,Technology,Semiconductors,8434,$17309.45
GLNG,Golar LNG Limited,NASDAQ,Consumer Services,Marine Transportation,4873,$73638.13
MBFIP,MB Financial Inc.,NASDAQ,Finance,Major Banks,4758,$109627.30
ODFL,"Old Dominion Freight Line Inc.",NASDAQ,Transportation,Trucking Freight/Courier Services,7980,$224228.82
ACRE,Ares Commercial Real Estate Corporation,NYSE,Consumer Services,Real Estate Investment Trusts,5076,$147678.38
TOO^A,Teekay Offshore Partners L.P.,NYSE,n/a,n/a,9931,$11208.71
DXYN,"The Dixie Group Inc.",NASDAQ,Consumer Durables,Home Furnishings,3922,$120936.74
LMOS,Lumos Networks Corp.,NASDAQ,Public Utilities,Telecommunications Equipment,8945,$123721.49
VTGN,"VistaGen Therapeutics Inc.",NASDAQ,Health Care,Major Pharmaceuticals,4437,$116574.66
IRS,IRSA Inversiones Y Representaciones S.A.,NYSE,Consumer Services,Homebuilding,9701,$52482.08
CGI,"Celadon Group Inc.",NYSE,Transportation,Trucking Freight/Courier Services,7787,$50508.57
GPRE,"Green Plains Inc.",NASDAQ,Basic Industries,Major Chemicals,5957,$233454.21
KNSL,"Kinsale Capital Group Inc.",NASDAQ,Finance,Property-Casualty Insurers,8432,$235290.80
MOD,Modine Manufacturing Company,NYSE,Capital Goods,Auto Parts:O.E.M.,4923,$27768.59
OXM,"Oxford Industries Inc.",NYSE,Consumer Non-Durables,Apparel,4690,$82693.53
GRMN,Garmin Ltd.,NASDAQ,Capital Goods,Industrial Machinery/Components,8035,$176632.19
BBSI,"Barrett Business Services Inc.",NASDAQ,Technology,Professional Services,6463,$23985.22
TCCA,Triangle Capital Corporation,NYSE,n/a,n/a,9752,$81794.24
NH,"NantHealth Inc.",NASDAQ,Technology,EDP Services,8222,$155878.50
SLIM,The Obesity ETF,NASDAQ,n/a,n/a,5392,$147589.01
FCFS,"First Cash Inc.",NASDAQ,Consumer Services,Other Specialty Stores,7397,$115470.53
POWL,"Powell Industries Inc.",NASDAQ,Consumer Durables,Electrical Products,7665,$32970.47
TY^,Tri Continental Corporation,NYSE,n/a,n/a,9867,$106107.81
CXE,Colonial High Income Municipal Trust,NYSE,n/a,n/a,8773,$128803.83
VIIX,VelocityShares VIX Short-Term ETN,NASDAQ,Finance,Investment Bankers/Brokers/Service,9649,$40798.84
PPG,"PPG Industries Inc.",NYSE,Basic Industries,Paints/Coatings,5574,$170473.85
IIIN,"Insteel Industries Inc.",NASDAQ,Capital Goods,Steel/Iron Ore,3081,$44076.68
LEO,"Dreyfus Strategic Municipals Inc.",NYSE,n/a,n/a,1582,$67311.42
STBA,"S&T Bancorp Inc.",NASDAQ,Finance,Major Banks,2166,$233479.19
CBMXW,CombiMatrix Corporation,NASDAQ,Health Care,Hospital/Nursing Management,9786,$197700.46
FLOW,"SPX FLOW Inc.",NYSE,Technology,Industrial Machinery/Components,3976,$37152.23
MTOR,"Meritor Inc.",NYSE,Capital Goods,Auto Parts:O.E.M.,8246,$236213.67
MGP,MGM Growth Properties LLC,NYSE,Consumer Services,Real Estate Investment Trusts,6839,$34744.55
MILN,Global X Millennials Thematic ETF,NASDAQ,n/a,n/a,5285,$175805.42
MSBI,"Midland States Bancorp Inc.",NASDAQ,Finance,Major Banks,8356,$134034.47
XBKS,"Xenith Bankshares Inc.",NASDAQ,Finance,Major Banks,1672,$26128.06
LEXEB,"Liberty Expedia Holdings Inc.",NASDAQ,Consumer Services,Other Consumer Services,6794,$89258.09
JMEI,Jumei International Holding Limited,NYSE,Consumer Services,Other Specialty Stores,8619,$140609.80
VER,VEREIT Inc.,NYSE,Consumer Services,Real Estate Investment Trusts,9216,$47064.65
EVGBC,Eaton Vance NextShares Trust,NASDAQ,n/a,n/a,7002,$201819.38
EME,"EMCOR Group Inc.",NYSE,Capital Goods,Engineering & Construction,4154,$82004.64
SB,"Safe Bulkers Inc",NYSE,Transportation,Marine Transportation,2352,$241636.30
AME,"AMTEK Inc.",NYSE,Consumer Durables,Metal Fabrications,1859,$70025.94
SEM,Select Medical Holdings Corporation,NYSE,Health Care,Hospital/Nursing Management,4992,$189864.91
APO,"Apollo Global Management  LLC",NYSE,Finance,Investment Managers,4577,$240776.40
GGG,Graco Inc.,NYSE,Capital Goods,Fluid Controls,8022,$113850.85
IRBT,iRobot Corporation,NASDAQ,Consumer Durables,Consumer Electronics/Appliances,9196,$76364.72
ACRS,"Aclaris Therapeutics Inc.",NASDAQ,Health Care,Major Pharmaceuticals,8625,$68154.60
PDLI,"PDL BioPharma Inc.",NASDAQ,Health Care,Biotechnology: Biological Products (No Diagnostic Substances),7943,$237802.31
CORE,"Core-Mark Holding Company Inc.",NASDAQ,Consumer Non-Durables,Food Distributors,5342,$174143.61
XBIO,"Xenetic Biosciences Inc.",NASDAQ,Health Care,Major Pharmaceuticals,9894,$194426.37
AHL^C,Aspen Insurance Holdings Limited,NYSE,n/a,n/a,5656,$39619.16
SPNE,SeaSpine Holdings Corporation,NASDAQ,Health Care,Medical/Dental Instruments,9512,$94267.97
GWRE,"Guidewire Software Inc.",NYSE,Technology,Computer Software: Prepackaged Software,2110,$240133.30
CEE,"Central Europe  Russia and Turkey Fund Inc. (The)",NYSE,n/a,n/a,7702,$25884.42
AVAL,Grupo Aval Acciones y Valores S.A.,NYSE,Finance,Commercial Banks,8027,$86339.44
PZE,Petrobras Argentina S.A.,NYSE,Energy,Oil & Gas Production,5538,$64510.81
ACET,Aceto Corporation,NASDAQ,Health Care,Other Pharmaceuticals,8583,$174664.60
CVTI,"Covenant Transportation Group Inc.",NASDAQ,Transportation,Trucking Freight/Courier Services,5182,$53548.33
IEUS,iShares MSCI Europe Small-Cap ETF,NASDAQ,n/a,n/a,2874,$129700.11
CRUS,"Cirrus Logic Inc.",NASDAQ,Technology,Semiconductors,5317,$87965.75
OACQU,Origo Acquisition Corporation,NASDAQ,Finance,Business Services,3524,$177633.55
EPC,"Energizer Holdings Inc.",NYSE,Consumer Non-Durables,Package Goods/Cosmetics,2798,$91242.25
AMH^D,American Homes 4 Rent,NYSE,n/a,n/a,8291,$179991.26
STAR^I,iStar Financial Inc.,NYSE,n/a,n/a,6448,$26277.50
STO,Statoil ASA,NYSE,Energy,Integrated oil Companies,4025,$42066.74
ABCD,"Cambium Learning Group Inc.",NASDAQ,Consumer Services,Publishing,6875,$85368.73
ADRO,"Aduro Biotech Inc.",NASDAQ,Health Care,Major Pharmaceuticals,2413,$19905.39
QQQ,"PowerShares QQQ Trust  Series 1",NASDAQ,n/a,n/a,8147,$204280.85
MZF,Managed Duration Investment Grade Municipal Fund,NYSE,n/a,n/a,2478,$188255.61
FEMB,First Trust Emerging Markets Local Currency Bond ETF,NASDAQ,n/a,n/a,8650,$68693.93
IGOV,iShares S&P/Citigroup International Treasury Bond Fund,NASDAQ,n/a,n/a,5068,$86721.90
DTF,"Duff & Phelps Utilities Tax-Free Income Inc.",NYSE,n/a,n/a,3214,$11634.93
COST,Costco Wholesale Corporation,NASDAQ,Consumer Services,Department/Specialty Retail Stores,7316,$38880.23
TGI,"Triumph Group Inc.",NYSE,Capital Goods,Aerospace,3363,$59368.53
RFIL,"RF Industries  Ltd.",NASDAQ,Capital Goods,Electrical Products,2767,$110262.57
NVUS,"Novus Therapeutics Inc.",NASDAQ,Health Care,Major Pharmaceuticals,2560,$21443.05
UBCP,"United Bancorp Inc.",NASDAQ,Finance,Major Banks,1784,$58884.16
NBLX,Noble Midstream Partners LP,NYSE,Energy,Natural Gas Distribution,7627,$162042.86
CFG,"Citizens Financial Group Inc.",NYSE,Finance,Major Banks,3407,$241368.53
JMLP,Nuveen All Cap Energy MLP Opportunities Fund,NYSE,n/a,n/a,5376,$72442.23
MOG.A,Moog Inc.,NYSE,n/a,n/a,4974,$59306.60
AEE,Ameren Corporation,NYSE,Public Utilities,Power Generation,3247,$128094.77
CBI,Chicago Bridge & Iron Company N.V.,NYSE,Basic Industries,Engineering & Construction,3904,$144751.00
AEY,"ADDvantage Technologies Group Inc.",NASDAQ,Consumer Services,Office Equipment/Supplies/Services,6013,$118782.69
TAIT,Taitron Components Incorporated,NASDAQ,Consumer Non-Durables,Electronic Components,5927,$108147.24
RPXC,RPX Corporation,NASDAQ,Miscellaneous,Multi-Sector Companies,2769,$93548.12
HRS,Harris Corporation,NYSE,Capital Goods,Industrial Machinery/Components,4856,$15895.63
IRDMB,Iridium Communications Inc,NASDAQ,Consumer Durables,Telecommunications Equipment,4471,$146022.94
PJC,Piper Jaffray Companies,NYSE,Finance,Investment Bankers/Brokers/Service,6733,$232504.64
HSTM,"HealthStream Inc.",NASDAQ,Technology,"Computer Software: Programming  Data Processing",5680,$28375.71
AJG,Arthur J. Gallagher & Co.,NYSE,Finance,Specialty Insurers,9769,$30432.50
TAL,TAL Education Group,NYSE,Consumer Services,Other Consumer Services,5391,$42457.18
SAR,Saratoga Investment Corp,NYSE,n/a,n/a,4661,$74002.08
STMP,Stamps.com Inc.,NASDAQ,Miscellaneous,Business Services,1818,$98424.99
CPAAW,Conyers Park Acquisition Corp.,NASDAQ,Finance,Business Services,6125,$44167.47
FSAM,Fifth Street Asset Management Inc.,NASDAQ,Finance,Investment Managers,6610,$49776.54
SIVBO,SVB Financial Group,NASDAQ,Finance,Major Banks,9090,$105523.10
CMRE^D,Costamare Inc.,NYSE,n/a,n/a,7008,$233321.02
JBSS,"John B. Sanfilippo & Son Inc.",NASDAQ,Consumer Non-Durables,Specialty Foods,5317,$163255.52
CYTX,Cytori Therapeutics Inc,NASDAQ,Health Care,Medical/Dental Instruments,4122,$72690.75
PFD,Flaherty & Crumrine Preferred Income Fund Incorporated,NYSE,n/a,n/a,2929,$248416.07
NTRI,NutriSystem Inc,NASDAQ,Consumer Services,Catalog/Specialty Distribution,7591,$132129.24
SREV,"ServiceSource International Inc.",NASDAQ,Miscellaneous,Business Services,8827,$49755.98
WNC,Wabash National Corporation,NYSE,Capital Goods,Construction/Ag Equipment/Trucks,4932,$167498.73
VSEC,VSE Corporation,NASDAQ,Consumer Services,Military/Government/Technical,4780,$121307.14
BMO,Bank Of Montreal,NYSE,Finance,Commercial Banks,4432,$88771.62
MGP,MGM Growth Properties LLC,NYSE,Consumer Services,Real Estate Investment Trusts,2145,$57820.15
RMCF,"Rocky Mountain Chocolate Factory Inc.",NASDAQ,Consumer Non-Durables,Specialty Foods,8543,$103877.21
ELECW,Electrum Special Acquisition Corporation,NASDAQ,Finance,Business Services,2570,$72883.31
ISHG,iShares S&P/Citigroup 1-3 Year International Treasury Bond Fun,NASDAQ,n/a,n/a,9550,$28250.45
PRFZ,PowerShares FTSE RAFI US 1500 Small-Mid Portfolio,NASDAQ,n/a,n/a,5619,$126013.73
BGS,"B&G Foods Inc.",NYSE,Consumer Non-Durables,Packaged Foods,1963,$108574.09
DAVE,"Famous Dave's of America Inc.",NASDAQ,Consumer Services,Restaurants,2472,$99310.23
FCNCA,"First Citizens BancShares Inc.",NASDAQ,Finance,Major Banks,9341,$234438.36
GFF,Griffon Corporation,NYSE,Capital Goods,Building Products,5899,$36845.63
UTL,UNITIL Corporation,NYSE,Public Utilities,Power Generation,4664,$100318.47
CATH,Global X S&P 500 Catholic Values ETF,NASDAQ,n/a,n/a,7720,$132616.47
DUC,"Duff & Phelps Utility & Corporate Bond Trust Inc.",NYSE,n/a,n/a,4484,$145461.45
NVGN,Novogen Limited,NASDAQ,Health Care,Major Pharmaceuticals,5828,$23938.47
CHCI,"Comstock Holding Companies Inc.",NASDAQ,Capital Goods,Homebuilding,8983,$27504.01
CALM,"Cal-Maine Foods Inc.",NASDAQ,Consumer Non-Durables,Farming/Seeds/Milling,5919,$189674.30
BCX,BlackRock Resources,NYSE,n/a,n/a,7949,$195870.35
SLNO,"Soleno Therapeutics Inc.",NASDAQ,Health Care,Biotechnology: Electromedical & Electrotherapeutic Apparatus,7362,$235861.30
CIE,"Cobalt International Energy Inc.",NYSE,Energy,Oil & Gas Production,6270,$152841.82
MYCC,"ClubCorp Holdings Inc.",NYSE,Consumer Services,Hotels/Resorts,2058,$236381.96
UBP^F,Urstadt Biddle Properties Inc.,NYSE,n/a,n/a,6913,$135378.65
FVC,First Trust Dorsey Wright Dynamic Focus 5 ETF,NASDAQ,n/a,n/a,9642,$75779.28
WFBI,WashingtonFirst Bankshares Inc,NASDAQ,Finance,Major Banks,7470,$235392.00
HSIC,"Henry Schein Inc.",NASDAQ,Health Care,Medical Specialities,6162,$99506.06
HUBS,"HubSpot Inc.",NYSE,Technology,Computer Software: Prepackaged Software,3303,$78907.72
HEI,Heico Corporation,NYSE,Capital Goods,Aerospace,4777,$209843.13
RGT,"Royce Global Value Trust Inc.",NYSE,n/a,n/a,2533,$216233.09
FCH,FelCor Lodging Trust Incorporated,NYSE,Consumer Services,Real Estate Investment Trusts,8806,$22939.59
CXW,"CoreCivic Inc.",NYSE,Consumer Services,Real Estate Investment Trusts,5179,$102156.30
APAM,Artisan Partners Asset Management Inc.,NYSE,Finance,Investment Managers,3197,$192574.84
NGHCO,National General Holdings Corp,NASDAQ,Finance,Property-Casualty Insurers,1927,$130795.61
MRC,MRC Global Inc.,NYSE,Capital Goods,Industrial Machinery/Components,5728,$203106.55
TRIB,Trinity Biotech plc,NASDAQ,Health Care,Biotechnology: In Vitro & In Vivo Diagnostic Substances,2132,$26304.38
JKI,iShares Morningstar Mid-Cap ETF,NASDAQ,n/a,n/a,9761,$116030.47
CBL^E,"CBL & Associates Properties Inc.",NYSE,n/a,n/a,3803,$62892.66
FNSR,Finisar Corporation,NASDAQ,Technology,Semiconductors,8637,$70203.18
MTEX,"Mannatech Incorporated",NASDAQ,Consumer Durables,Specialty Chemicals,8381,$31310.13
HBHCL,Hancock Holding Company,NASDAQ,Finance,Major Banks,2375,$245542.98
CBOE,"CBOE Holdings Inc.",NASDAQ,Finance,Investment Bankers/Brokers/Service,7338,$199951.47
BHK,Blackrock Core Bond Trust,NYSE,n/a,n/a,3264,$117026.64
SSW^D,Seaspan Corporation,NYSE,n/a,n/a,2339,$84201.84
SQZZ,Active Alts Contrarian ETF,NASDAQ,n/a,n/a,6873,$239414.62
ULTA,"Ulta Beauty Inc.",NASDAQ,Consumer Services,Other Specialty Stores,6440,$17301.53
CTY,Qwest Corporation,NYSE,Public Utilities,Telecommunications Equipment,9309,$117701.89
CBAK,"CBAK Energy Technology Inc.",NASDAQ,Miscellaneous,Industrial Machinery/Components,3297,$26120.43
MNE,Blackrock Muni New York Intermediate Duration Fund Inc,NYSE,n/a,n/a,2422,$105593.37
BBD,Banco Bradesco Sa,NYSE,Finance,Major Banks,3530,$151086.90
CALX,"Calix Inc",NYSE,Consumer Services,Telecommunications Equipment,4172,$200880.07
IGD,Voya Global Equity Dividend and Premium Opportunity Fund,NYSE,n/a,n/a,8929,$152777.20
ISBC,"Investors Bancorp Inc.",NASDAQ,Finance,Major Banks,3234,$236268.72
CBB,Cincinnati Bell Inc,NYSE,Public Utilities,Telecommunications Equipment,9137,$187363.68
LBIX,Leading Brands Inc,NASDAQ,Consumer Non-Durables,Beverages (Production/Distribution),7377,$72588.38
AAN,"Aaron's   Inc.",NYSE,Technology,Diversified Commercial Services,8044,$85982.65
DLHC,DLH Holdings Corp.,NASDAQ,Technology,Professional Services,2834,$165882.50
EPR,EPR Properties,NYSE,Consumer Services,Real Estate Investment Trusts,2901,$80619.67
AQMS,"Aqua Metals Inc.",NASDAQ,Basic Industries,Metal Fabrications,2467,$219973.85
MLP,"Maui Land & Pineapple Company Inc.",NYSE,Finance,Real Estate,7581,$21447.74
KIN,"Kindred Biosciences Inc.",NASDAQ,Health Care,Major Pharmaceuticals,3386,$59579.16
IDLB,PowerShares FTSE International Low Beta Equal Weight Portfolio,NASDAQ,n/a,n/a,6549,$26344.22
GLW,Corning Incorporated,NYSE,Basic Industries,Telecommunications Equipment,2624,$160862.88
CLNS^B,"Colony NorthStar Inc.",NYSE,n/a,n/a,7259,$137890.50
SGQI,Janus Henderson SG Global Quality Income ETF,NASDAQ,n/a,n/a,2975,$23967.58
QTM,Quantum Corporation,NYSE,Technology,Electronic Components,5827,$151865.58
DELTW,Delta Technology Holdings Limited,NASDAQ,Basic Industries,Major Chemicals,2816,$110633.16
CTBI,"Community Trust Bancorp Inc.",NASDAQ,Finance,Major Banks,7915,$97206.14
GNCMA,"General Communication Inc.",NASDAQ,Public Utilities,Telecommunications Equipment,2374,$119409.20
XON,Intrexon Corporation,NYSE,Health Care,Biotechnology: Commercial Physical & Biological Resarch,8969,$220680.36
SOXX,iShares PHLX SOX Semiconductor Sector Index Fund,NASDAQ,n/a,n/a,2425,$21839.42
CPSS,"Consumer Portfolio Services Inc.",NASDAQ,Finance,Finance: Consumer Services,6565,$58175.50
XPER,Xperi Corporation,NASDAQ,Technology,Semiconductors,5283,$194284.57
OSBC,"Old Second Bancorp Inc.",NASDAQ,Finance,Major Banks,7450,$213107.04
MFINL,Medallion Financial Corp.,NASDAQ,Finance,Finance: Consumer Services,5539,$25256.80
WSBF,"Waterstone Financial Inc.",NASDAQ,Finance,Savings Institutions,5136,$31955.64
VJET,voxeljet AG,NYSE,Capital Goods,Industrial Machinery/Components,5343,$234840.98
CLH,"Clean Harbors Inc.",NYSE,Basic Industries,Environmental Services,3114,$244780.53
BTT,BlackRock Municipal Target Term Trust Inc. (The),NYSE,n/a,n/a,8899,$232571.23
SLD,Sutherland Asset Management Corporation,NYSE,Consumer Services,Real Estate Investment Trusts,7940,$104867.74
IHC,Independence Holding Company,NYSE,Finance,Life Insurance,7809,$133582.35
PYS,PPlus Trust,NYSE,Finance,Finance: Consumer Services,1625,$149771.54
DSW,DSW Inc.,NYSE,Consumer Services,Clothing/Shoe/Accessory Stores,3805,$92471.29
SHLO,"Shiloh Industries Inc.",NASDAQ,Capital Goods,Industrial Specialties,2931,$218381.69
HFBL,"Home Federal Bancorp Inc. of Louisiana",NASDAQ,Finance,Savings Institutions,5750,$109567.15
LKOR,FlexShares Credit-Scored US Long Corporate Bond Index Fund,NASDAQ,n/a,n/a,5163,$17397.90
MGPI,"MGP Ingredients Inc.",NASDAQ,Consumer Non-Durables,Beverages (Production/Distribution),2589,$232143.02
AET,Aetna Inc.,NYSE,Health Care,Medical Specialities,6166,$206335.12
NKSH,"National Bankshares Inc.",NASDAQ,Finance,Major Banks,7509,$77491.77
LKQ,LKQ Corporation,NASDAQ,Consumer Services,Motor Vehicles,9830,$17482.57
EDI,Stone Harbor Emerging Markets Total Income Fund,NYSE,n/a,n/a,5845,$52559.36
XOG,"Extraction Oil & Gas Inc.",NASDAQ,Energy,Oil & Gas Production,4008,$111191.48
JTD,Nuveen Tax-Advantaged Dividend Growth Fund,NYSE,n/a,n/a,5272,$73629.32
MVIS,"Microvision Inc.",NASDAQ,Capital Goods,Industrial Machinery/Components,5885,$53719.42
GEO,Geo Group Inc (The),NYSE,Consumer Services,Real Estate Investment Trusts,5515,$152128.32
SFBC,"Sound Financial Bancorp Inc.",NASDAQ,Finance,Savings Institutions,8313,$158790.83
CIDM,Cinedigm Corp,NASDAQ,Consumer Services,Consumer Electronics/Video Chains,8640,$176898.32
GJS,STRATS Trust,NYSE,Finance,Finance: Consumer Services,4716,$11549.60
QCP,"Quality Care Properties Inc.",NYSE,Consumer Services,Real Estate Investment Trusts,7770,$106860.58
ISRG,"Intuitive Surgical Inc.",NASDAQ,Health Care,Industrial Specialties,5672,$49527.71
NM^G,Navios Maritime Holdings Inc.,NYSE,n/a,n/a,8498,$249196.37
MTN,"Vail Resorts Inc.",NYSE,Consumer Services,Services-Misc. Amusement & Recreation,8501,$149014.09
PIY,"Merrill Lynch Depositor Inc.",NYSE,Finance,Finance: Consumer Services,6371,$42518.49
IPHS,"Innophos Holdings Inc.",NASDAQ,Consumer Durables,Specialty Chemicals,3120,$12474.80
DFNL,Davis Select Financial ETF,NASDAQ,n/a,n/a,4888,$213728.64
MDSO,"Medidata Solutions Inc.",NASDAQ,Technology,Computer Software: Prepackaged Software,9845,$175222.04
ROK,"Rockwell Automation Inc.",NYSE,Capital Goods,Industrial Machinery/Components,5701,$194974.51
BNTC,Benitec Biopharma Limited,NASDAQ,Health Care,Major Pharmaceuticals,8502,$124530.04
GLOP^A,GasLog Partners LP,NYSE,n/a,n/a,9136,$77104.03
WCFB,"WCF Bancorp Inc.",NASDAQ,Finance,Major Banks,6288,$118470.27
RGCO,RGC Resources Inc.,NASDAQ,Public Utilities,Oil & Gas Production,2201,$11274.30
IMED,PureFunds ETFx HealthTech ETF,NASDAQ,n/a,n/a,4802,$192382.36
TREE,"LendingTree Inc.",NASDAQ,Finance,Finance: Consumer Services,4039,$64443.01
FMI,"Foundation Medicine Inc.",NASDAQ,Health Care,Medical Specialities,8251,$209144.93
CCK,"Crown Holdings Inc.",NYSE,Consumer Durables,Containers/Packaging,9965,$239645.10
NBLX,Noble Midstream Partners LP,NYSE,Energy,Natural Gas Distribution,5501,$11757.97
EVRI,Everi Holdings Inc.,NYSE,Finance,Finance: Consumer Services,2791,$70934.09
RLH,Red Lion Hotels Corporation,NYSE,Consumer Services,Hotels/Resorts,8338,$24515.14
TXT,Textron Inc.,NYSE,Capital Goods,Aerospace,3693,$81266.20
CRSP,CRISPR Therapeutics AG,NASDAQ,Health Care,Biotechnology: Biological Products (No Diagnostic Substances),3525,$235243.22
AIF,Apollo Tactical Income Fund Inc.,NYSE,n/a,n/a,4463,$103429.94
GOVNI,Government Properties Income Trust,NASDAQ,Finance,Real Estate,5771,$29193.10
BITA,Bitauto Holdings Limited,NYSE,Technology,EDP Services,8007,$114272.25
TSC,"TriState Capital Holdings Inc.",NASDAQ,Finance,Major Banks,6322,$190203.16
BEP,Brookfield Renewable Partners L.P.,NYSE,Public Utilities,Electric Utilities: Central,4669,$219397.11
SHW,Sherwin-Williams Company (The),NYSE,Consumer Services,RETAIL: Building Materials,7860,$228767.23
WSCI,WSI Industries Inc.,NASDAQ,Technology,Industrial Machinery/Components,8526,$80865.29
JFR,Nuveen Floating Rate Income Fund,NYSE,n/a,n/a,7646,$115258.06
I,Intelsat S.A.,NYSE,Consumer Services,Telecommunications Equipment,2151,$43815.39
EMMS,Emmis Communications Corporation,NASDAQ,Consumer Services,Broadcasting,8067,$54073.58
FNB,F.N.B. Corporation,NYSE,Finance,Major Banks,4605,$86898.36
LMNR,Limoneira Co,NASDAQ,Consumer Non-Durables,Farming/Seeds/Milling,3074,$67624.64
ENPH,"Enphase Energy Inc.",NASDAQ,Technology,Semiconductors,2227,$235992.20
SOJB,Southern Company (The),NYSE,Public Utilities,Electric Utilities: Central,5105,$87979.45
DDT,"Dillard's Inc.",NYSE,Consumer Services,Department/Specialty Retail Stores,5997,$221822.23
SRTSW,"Sensus Healthcare Inc.",NASDAQ,Health Care,Medical/Dental Instruments,5614,$174999.51
STLRU,Stellar Acquisition III Inc.,NASDAQ,Finance,Business Services,5935,$20087.44
RYAAY,Ryanair Holdings plc,NASDAQ,Transportation,Air Freight/Delivery Services,5545,$20446.26
MER^P,"Merrill Lynch & Co. Inc.",NYSE,n/a,n/a,2804,$176026.84
UCP,"UCP Inc.",NYSE,Capital Goods,Homebuilding,9043,$204353.67
DRNA,"Dicerna Pharmaceuticals Inc.",NASDAQ,Health Care,Major Pharmaceuticals,3901,$42371.30
AVX,AVX Corporation,NYSE,Capital Goods,Electrical Products,3136,$83861.36
OFLX,"Omega Flex Inc.",NASDAQ,Capital Goods,Industrial Specialties,8924,$174992.58
CCRN,"Cross Country Healthcare Inc.",NASDAQ,Technology,Professional Services,4136,$248724.62
HAE,Haemonetics Corporation,NYSE,Health Care,Medical/Dental Instruments,5177,$207664.64
ALP^O,Alabama Power Company,NYSE,Public Utilities,Electric Utilities: Central,2778,$151735.56
LOXO,"Loxo Oncology Inc.",NASDAQ,Health Care,Major Pharmaceuticals,2008,$26327.78
OMED,"OncoMed Pharmaceuticals Inc.",NASDAQ,Health Care,Major Pharmaceuticals,7528,$40802.44
AMSC,American Superconductor Corporation,NASDAQ,Consumer Durables,Metal Fabrications,2349,$132744.36
SRI,"Stoneridge Inc.",NYSE,Capital Goods,Auto Parts:O.E.M.,2637,$37634.27
RICE,Rice Energy Inc.,NYSE,Energy,Oil & Gas Production,9368,$83127.29
SPKE,"Spark Energy Inc.",NASDAQ,Public Utilities,Power Generation,5961,$120542.34
C^J,Citigroup Inc.,NYSE,n/a,n/a,8994,$169513.55
VTL,"Vital Therapies Inc.",NASDAQ,Health Care,Major Pharmaceuticals,6356,$29804.75
IDT,IDT Corporation,NYSE,Public Utilities,Telecommunications Equipment,9979,$139470.84
TVIX,VelocityShares Daily 2x VIX Short-Term ETN,NASDAQ,Finance,Investment Bankers/Brokers/Service,8811,$85237.32
OMED,"OncoMed Pharmaceuticals Inc.",NASDAQ,Health Care,Major Pharmaceuticals,1818,$240440.55
USA,Liberty All-Star Equity Fund,NYSE,n/a,n/a,4497,$50108.22
AEHR,Aehr Test Systems,NASDAQ,Capital Goods,Electrical Products,8811,$118901.40
USB^A,U.S. Bancorp,NYSE,Finance,Major Banks,2662,$112325.95
ISRG,"Intuitive Surgical Inc.",NASDAQ,Health Care,Industrial Specialties,7461,$174712.18
AMPH,"Amphastar Pharmaceuticals Inc.",NASDAQ,Health Care,Major Pharmaceuticals,9692,$184995.62
LNTH,"Lantheus Holdings Inc.",NASDAQ,Health Care,Biotechnology: In Vitro & In Vivo Diagnostic Substances,6689,$179005.41
SOFO,"Sonic Foundry Inc.",NASDAQ,Technology,Radio And Television Broadcasting And Communications Equipment,9335,$98952.98
QLC,FlexShares US Quality Large Cap Index Fund,NASDAQ,n/a,n/a,4342,$38622.26
ABRN,Arbor Realty Trust,NYSE,Consumer Services,Real Estate Investment Trusts,5634,$180799.89
HABT,"The Habit Restaurants Inc.",NASDAQ,Consumer Services,Restaurants,9695,$242364.87
CLNT,"Cleantech Solutions International Inc.",NASDAQ,Technology,Industrial Machinery/Components,9074,$49138.53
HOPE,"Hope Bancorp Inc.",NASDAQ,Finance,Major Banks,4534,$81036.14
NXTDW,NXT-ID Inc.,NASDAQ,Consumer Services,Diversified Commercial Services,6412,$248793.74
IRR,Voya Natural Resources Equity Income Fund,NYSE,n/a,n/a,8356,$170488.61
TPC,Tutor Perini Corporation,NYSE,Basic Industries,General Bldg Contractors - Nonresidential Bldgs,3335,$176585.83
PDP,PowerShares DWA Momentum Portfolio,NASDAQ,n/a,n/a,3320,$93286.76
A,"Agilent Technologies Inc.",NYSE,Capital Goods,Biotechnology: Laboratory Analytical Instruments,7972,$171941.18
CTMX,"CytomX Therapeutics Inc.",NASDAQ,Health Care,Major Pharmaceuticals,2046,$107875.39
FATE,"Fate Therapeutics Inc.",NASDAQ,Health Care,Biotechnology: Biological Products (No Diagnostic Substances),2751,$90453.47
MSDI,"Monster Digital Inc.",NASDAQ,Technology,Electronic Components,9822,$92308.98
DYN^A,Dynegy Inc.,NYSE,n/a,n/a,3643,$137814.91
CIT,CIT Group Inc (DEL),NYSE,Finance,Finance: Consumer Services,6021,$138021.61
HYB,"New America High Income Fund Inc. (The)",NYSE,n/a,n/a,4984,$96320.59
HCOM,"Hawaiian Telcom Holdco Inc.",NASDAQ,Consumer Services,Telecommunications Equipment,2382,$176902.48
AON,Aon plc,NYSE,Finance,Specialty Insurers,4030,$237741.00
RBPAA,"Royal Bancshares of Pennsylvania Inc.",NASDAQ,Finance,Major Banks,2213,$95777.33
MRCC,Monroe Capital Corporation,NASDAQ,n/a,n/a,8555,$113433.73
KW,Kennedy-Wilson Holdings Inc.,NYSE,Finance,Real Estate,7120,$177978.90
PL^E,Protective Life Corporation,NYSE,n/a,n/a,4458,$238395.69
GNK,Genco Shipping & Trading Limited Warrants Expiring 12/31/2021 ,NYSE,Transportation,Marine Transportation,2117,$227755.25
HBM.WS,Hudbay Minerals Inc.,NYSE,n/a,n/a,6202,$133617.08
JOUT,Johnson Outdoors Inc.,NASDAQ,Consumer Non-Durables,Recreational Products/Toys,5510,$101923.26
LEDS,SemiLEDS Corporation,NASDAQ,Technology,Semiconductors,2177,$128510.84
HWCC,Houston Wire & Cable Company,NASDAQ,Consumer Non-Durables,Telecommunications Equipment,8164,$141726.41
ARRY,Array BioPharma Inc.,NASDAQ,Health Care,Major Pharmaceuticals,5159,$150374.67
HBHC,Hancock Holding Company,NASDAQ,Finance,Major Banks,6089,$210391.64
ESND,Essendant Inc.,NASDAQ,Consumer Services,Paper,8611,$156729.57
DOOR,Masonite International Corporation,NYSE,Basic Industries,Forest Products,5962,$187479.28
COF^D,Capital One Financial Corporation,NYSE,n/a,n/a,7337,$86139.43
GCH,"Aberdeen Greater China Fund Inc.",NYSE,n/a,n/a,5579,$21660.76
WNRL,"Western Refining Logistics  LP",NYSE,Energy,Natural Gas Distribution,6289,$88157.69
DTF,"Duff & Phelps Utilities Tax-Free Income Inc.",NYSE,n/a,n/a,8494,$192911.38
FRA,Blackrock Floating Rate Income Strategies Fund Inc,NYSE,n/a,n/a,2115,$154384.92
CINR,Ciner Resources LP,NYSE,Basic Industries,Mining & Quarrying of Nonmetallic Minerals (No Fuels),2370,$24679.41
TNP^E,Tsakos Energy Navigation Ltd,NYSE,n/a,n/a,5185,$206156.90
CASH,"Meta Financial Group Inc.",NASDAQ,Finance,Savings Institutions,4462,$26202.13
UL,Unilever PLC,NYSE,Basic Industries,Package Goods/Cosmetics,2715,$25623.29
GRC,Gorman-Rupp Company (The),NYSE,Capital Goods,Fluid Controls,4705,$245199.03
UNIT,Uniti Group Inc.,NASDAQ,Consumer Services,Real Estate Investment Trusts,8083,$100474.76
DCP,DCP Midstream LP,NYSE,Public Utilities,Natural Gas Distribution,3639,$154939.65
JOE,St. Joe Company (The),NYSE,Consumer Services,Homebuilding,8956,$132920.50
DVD,"Dover Motorsports Inc.",NYSE,Consumer Services,Services-Misc. Amusement & Recreation,6165,$106392.64
EXXI,"Energy XXI Gulf Coast Inc.",NASDAQ,Energy,Oil & Gas Production,8877,$216913.79
CELP,"Cypress Energy Partners  L.P.",NYSE,Energy,Oilfield Services/Equipment,2666,$22571.29
SBLKL,Star Bulk Carriers Corp.,NASDAQ,Transportation,Marine Transportation,7161,$17922.76
CETX,Cemtrex Inc.,NASDAQ,Capital Goods,Industrial Machinery/Components,5092,$36182.05
VIAV,Viavi Solutions Inc.,NASDAQ,Technology,Semiconductors,8285,$10192.14
BBT^F,BB&T Corporation,NYSE,n/a,n/a,5881,$248105.53
TNH,"Terra Nitrogen Company  L.P.",NYSE,Basic Industries,Agricultural Chemicals,1610,$45321.89
NTEST.C,NASDAQ TEST STOCK,NYSE,n/a,n/a,2647,$83316.68
SPXC,SPX Corporation,NYSE,Technology,Industrial Machinery/Components,5142,$63184.26
VIRC,Virco Manufacturing Corporation,NASDAQ,Consumer Durables,Industrial Specialties,2501,$42897.10
FCAU,Fiat Chrysler Automobiles N.V.,NYSE,Capital Goods,Auto Manufacturing,4461,$44588.88
PAACU,Pacific Special Acquisition Corp.,NASDAQ,Finance,Business Services,7581,$102872.84
CLD,Cloud Peak Energy Inc,NYSE,Energy,Coal Mining,9859,$227286.39
NLS,"Nautilus Group Inc. (The)",NYSE,Consumer Non-Durables,Recreational Products/Toys,5362,$24334.99
SIX,Six Flags Entertainment Corporation New,NYSE,Consumer Services,Services-Misc. Amusement & Recreation,2208,$187861.43
USFD,US Foods Holding Corp.,NYSE,Consumer Non-Durables,Food Distributors,2793,$199270.78
FCT,First Trust Senior Floating Rate Income Fund II,NYSE,n/a,n/a,3269,$142847.11
MLCO,Melco Resorts & Entertainment Limited,NASDAQ,Consumer Services,Hotels/Resorts,8012,$74681.60
VOD,Vodafone Group Plc,NASDAQ,Public Utilities,Telecommunications Equipment,8329,$12127.06
HY,"Hyster-Yale Materials Handling Inc.",NYSE,Capital Goods,Construction/Ag Equipment/Trucks,4462,$73319.99
WINA,Winmark Corporation,NASDAQ,Consumer Services,Other Specialty Stores,5976,$227911.95
UGLD,VelocityShares 3x Long Gold ETN,NASDAQ,Finance,Investment Bankers/Brokers/Service,6532,$35577.42
PAACR,Pacific Special Acquisition Corp.,NASDAQ,Finance,Business Services,2148,$145047.01
SPHS,"Sophiris Bio Inc.",NASDAQ,n/a,n/a,4365,$234173.74
JCI,Johnson Controls International plc,NYSE,Consumer Services,Other Consumer Services,9623,$51561.60
IP,International Paper Company,NYSE,Basic Industries,Paper,7507,$224589.39
MBTF,M B T Financial Corp,NASDAQ,Finance,Major Banks,7241,$69105.99
HLG,Hailiang Education Group Inc.,NASDAQ,Consumer Services,Other Consumer Services,3279,$194931.02
TCO,"Taubman Centers Inc.",NYSE,Consumer Services,Real Estate Investment Trusts,6680,$247001.18
BTZ,BlackRock Credit Allocation Income Trust,NYSE,n/a,n/a,5743,$225559.96
CII,Blackrock Capital and Income Strategies Fund Inc,NYSE,n/a,n/a,9463,$169989.76
AREX,Approach Resources Inc.,NASDAQ,Energy,Oil & Gas Production,4550,$190115.32
HII,"Huntington Ingalls Industries Inc.",NYSE,Capital Goods,Marine Transportation,5149,$219120.16
MYC,"Blackrock MuniYield California Fund Inc.",NYSE,n/a,n/a,1559,$135351.51
NTL,Nortel Inversora SA,NYSE,Public Utilities,Telecommunications Equipment,8108,$52405.00
LRN,K12 Inc,NYSE,Consumer Services,Other Consumer Services,8270,$100104.31
MYRG,"MYR Group Inc.",NASDAQ,Basic Industries,Water Supply,3792,$19928.86
AME,"AMTEK Inc.",NYSE,Consumer Durables,Metal Fabrications,9073,$162303.37
RDC,Rowan Companies plc,NYSE,Energy,Oil & Gas Production,4454,$195300.02
LTRX,"Lantronix Inc.",NASDAQ,Technology,Computer Communications Equipment,1651,$189525.11
SYT,Syngenta AG,NYSE,Basic Industries,Agricultural Chemicals,2040,$12673.13
SSW^H,Seaspan Corporation,NYSE,n/a,n/a,7933,$48623.98
ODP,"Office Depot Inc.",NASDAQ,Consumer Services,Other Specialty Stores,2382,$41217.36
FGEN,"FibroGen Inc",NASDAQ,Health Care,Major Pharmaceuticals,9694,$133085.76
OI,"Owens-Illinois Inc.",NYSE,Consumer Durables,Containers/Packaging,1622,$34894.67
ALLY^A,Ally Financial Inc.,NYSE,n/a,n/a,9694,$91484.61
PY,Principal Shareholder Yield Index ETF,NASDAQ,n/a,n/a,7964,$31782.44
SONA,"Southern National Bancorp of Virginia Inc.",NASDAQ,Finance,Major Banks,6747,$167155.66
INFR,Legg Mason Global Infrastructure ETF,NASDAQ,n/a,n/a,1544,$238174.02
PAGP,"Plains Group Holdings  L.P.",NYSE,Energy,Natural Gas Distribution,5779,$202545.19
NBLX,Noble Midstream Partners LP,NYSE,Energy,Natural Gas Distribution,8257,$54389.39
NCBS,Nicolet Bankshares Inc.,NASDAQ,Finance,Major Banks,6539,$211050.70
AEHR,Aehr Test Systems,NASDAQ,Capital Goods,Electrical Products,1920,$208138.37
TZOO,Travelzoo,NASDAQ,Technology,EDP Services,5991,$224596.24
WDR,"Waddell & Reed Financial Inc.",NYSE,Finance,Investment Bankers/Brokers/Service,9010,$130404.75
BSL,Blackstone GSO Senior Floating Rate Term Fund,NYSE,n/a,n/a,5551,$118918.35
OI,"Owens-Illinois Inc.",NYSE,Consumer Durables,Containers/Packaging,3477,$120560.04
ELJ,"Entergy Louisiana Inc.",NYSE,Public Utilities,Electric Utilities: Central,6105,$107657.28
SHLDW,Sears Holdings Corporation,NASDAQ,Consumer Services,Department/Specialty Retail Stores,3171,$106165.74
NMIH,NMI Holdings Inc,NASDAQ,Finance,Property-Casualty Insurers,4618,$123510.64
LGND,Ligand Pharmaceuticals Incorporated,NASDAQ,Health Care,Major Pharmaceuticals,9595,$95360.58
EVF,Eaton Vance Senior Income Trust,NYSE,n/a,n/a,4182,$194846.83
PRAH,"PRA Health Sciences Inc.",NASDAQ,Health Care,Biotechnology: Commercial Physical & Biological Resarch,3087,$222980.88
OCIP,OCI Partners LP,NYSE,Basic Industries,Major Chemicals,8998,$171393.32
CLD,Cloud Peak Energy Inc,NYSE,Energy,Coal Mining,7441,$31182.17
PAH,Platform Specialty Products Corporation,NYSE,Basic Industries,Major Chemicals,9569,$136680.60
ZBK,Zions Bancorporation,NYSE,Finance,Major Banks,8327,$80441.56
LEO,"Dreyfus Strategic Municipals Inc.",NYSE,n/a,n/a,3474,$183248.55
KBWY,PowerShares KBW Premium Yield Equity REIT Portfolio,NASDAQ,n/a,n/a,7889,$36534.63
HTY,John Hancock Tax-Advantaged Global Shareholder Yield Fund,NYSE,n/a,n/a,3670,$55207.71
PFO,Flaherty & Crumrine Preferred Income Opportunity Fund Inc,NYSE,n/a,n/a,7949,$243670.36
CBL^E,"CBL & Associates Properties Inc.",NYSE,n/a,n/a,3026,$201843.40
RNET,"RigNet Inc.",NASDAQ,Consumer Services,Telecommunications Equipment,6218,$134987.90
WFC^R,Wells Fargo & Company,NYSE,n/a,n/a,4662,$204982.78
KITE,"Kite Pharma Inc.",NASDAQ,Health Care,Biotechnology: Biological Products (No Diagnostic Substances),9422,$11157.86
HMNF,"HMN Financial Inc.",NASDAQ,Finance,Savings Institutions,8158,$166489.84
TRMK,Trustmark Corporation,NASDAQ,Finance,Major Banks,4211,$218631.98
USPH,"U.S. Physical Therapy Inc.",NYSE,Health Care,Medical/Nursing Services,3302,$181519.46
TATT,TAT Technologies Ltd.,NASDAQ,Capital Goods,Aerospace,6247,$44934.20
VBIV,"VBI Vaccines Inc.",NASDAQ,Health Care,Biotechnology: Biological Products (No Diagnostic Substances),7438,$123672.59
NM^G,Navios Maritime Holdings Inc.,NYSE,n/a,n/a,7507,$73521.08
GS^B,"Goldman Sachs Group Inc. (The)",NYSE,n/a,n/a,6931,$75770.40
KTF,Scudder Municiple Income Trust,NYSE,n/a,n/a,9048,$64162.77
QHC,Quorum Health Corporation,NYSE,Health Care,Hospital/Nursing Management,7611,$97723.26
PCYG,"Park City Group Inc.",NASDAQ,Technology,EDP Services,2742,$36328.06
BEAT,"BioTelemetry Inc.",NASDAQ,Health Care,Medical Specialities,6761,$85796.07
BBOX,Black Box Corporation,NASDAQ,Technology,Computer Communications Equipment,5753,$147448.76
LNGR,Global X Longevity Thematic ETF,NASDAQ,n/a,n/a,3183,$180503.17
SLP,"Simulations Plus Inc.",NASDAQ,Technology,EDP Services,5674,$164738.31
AZPN,"Aspen Technology Inc.",NASDAQ,Technology,EDP Services,2938,$142770.59
CBO,CBO (Listing Market - NYSE - Networks A/E),NYSE,n/a,n/a,9363,$32351.63
LGND,Ligand Pharmaceuticals Incorporated,NASDAQ,Health Care,Major Pharmaceuticals,8957,$59820.49
BRID,Bridgford Foods Corporation,NASDAQ,Consumer Non-Durables,Specialty Foods,9126,$94345.92
MTL^,Mechel PAO,NYSE,n/a,n/a,9630,$22465.12
TITN,Titan Machinery Inc.,NASDAQ,Consumer Services,Other Specialty Stores,6521,$193019.18
AZRE,Azure Power Global Limited,NYSE,Public Utilities,Electric Utilities: Central,8941,$205454.55
FPL,First Trust New Opportunities MLP & Energy Fund,NYSE,n/a,n/a,3099,$82604.08
JPM^H,J P Morgan Chase & Co,NYSE,Finance,Major Banks,2132,$143831.69
PG,Procter & Gamble Company (The),NYSE,Basic Industries,Package Goods/Cosmetics,5188,$33015.38
APOPW,Cellect Biotechnology Ltd.,NASDAQ,n/a,n/a,2192,$19573.46
HSBC,HSBC Holdings plc,NYSE,Finance,Savings Institutions,4594,$171482.17
SAL,"Salisbury Bancorp Inc.",NASDAQ,Finance,Savings Institutions,9868,$18691.73
SAEX,"SAExploration Holdings Inc.",NASDAQ,Energy,Oil & Gas Production,9986,$116089.07
BNCL,"Beneficial Bancorp Inc.",NASDAQ,Finance,Savings Institutions,3147,$211287.02
AMNB,"American National Bankshares Inc.",NASDAQ,Finance,Major Banks,9673,$102256.85
CBOE,"CBOE Holdings Inc.",NASDAQ,Finance,Investment Bankers/Brokers/Service,5391,$154523.07
FSD,First Trust High Income Long Short Fund,NYSE,n/a,n/a,8396,$179555.15
CYAD,Celyad SA,NASDAQ,Health Care,Major Pharmaceuticals,6003,$158893.67
VR^A,"Validus Holdings  Ltd.",NYSE,n/a,n/a,4352,$246813.71
CRUS,"Cirrus Logic Inc.",NASDAQ,Technology,Semiconductors,5175,$21112.55
BXP,"Boston Properties Inc.",NYSE,Consumer Services,Real Estate Investment Trusts,2433,$159144.71
MSBI,"Midland States Bancorp Inc.",NASDAQ,Finance,Major Banks,3431,$113730.87
BUFF,"Blue Buffalo Pet Products Inc.",NASDAQ,Consumer Non-Durables,Packaged Foods,6769,$215916.07
LYG,Lloyds Banking Group Plc,NYSE,Finance,Commercial Banks,6208,$49377.06
BBBY,Bed Bath & Beyond Inc.,NASDAQ,Consumer Services,Home Furnishings,7105,$62342.85
NXC,Nuveen Insured California Select Tax-Free Income Portfolio,NYSE,n/a,n/a,5885,$59689.08
TGLS,Tecnoglass Inc.,NASDAQ,Consumer Durables,Electronic Components,5242,$235298.35
FL,"Foot Locker Inc.",NYSE,Consumer Services,Clothing/Shoe/Accessory Stores,5273,$239369.80
DTK,Deutsche Bank AG,NYSE,Finance,Major Banks,4098,$52855.52
VICL,Vical Incorporated,NASDAQ,Health Care,Biotechnology: Biological Products (No Diagnostic Substances),5758,$38138.36
MNR^C,Monmouth Real Estate Investment Corporation,NYSE,n/a,n/a,4476,$188660.91
TZOO,Travelzoo,NASDAQ,Technology,EDP Services,4089,$156564.67
BAP,Credicorp Ltd.,NYSE,Finance,Commercial Banks,8272,$15535.85
DNB,Dun & Bradstreet Corporation (The),NYSE,Finance,Finance: Consumer Services,8350,$73447.90
MOG.A,Moog Inc.,NYSE,n/a,n/a,1897,$30401.38
WBC,Wabco Holdings Inc.,NYSE,Capital Goods,Auto Manufacturing,4789,$188492.48
FSD,First Trust High Income Long Short Fund,NYSE,n/a,n/a,7173,$160985.83
JSMD,Janus Henderson Small/Mid Cap Growth Alpha ETF,NASDAQ,n/a,n/a,9751,$71143.87
CLBS,"Caladrius Biosciences Inc.",NASDAQ,Health Care,Hospital/Nursing Management,5829,$55548.68
CW,Curtiss-Wright Corporation,NYSE,Technology,Industrial Machinery/Components,5371,$233539.98
RMR,The RMR Group Inc.,NASDAQ,Consumer Services,Professional Services,5828,$166322.61
ESGR,Enstar Group Limited,NASDAQ,Finance,Property-Casualty Insurers,9336,$91672.51
MD,"Mednax Inc",NYSE,Health Care,Hospital/Nursing Management,1839,$122222.73
APLE,"Apple Hospitality REIT Inc.",NYSE,Consumer Services,Real Estate Investment Trusts,5543,$13299.09
ENT,Global Eagle Entertainment Inc.,NASDAQ,Consumer Services,Telecommunications Equipment,9738,$82126.62
TDC,Teradata Corporation,NYSE,Technology,Computer Manufacturing,4608,$119554.95
LMNR,Limoneira Co,NASDAQ,Consumer Non-Durables,Farming/Seeds/Milling,3291,$40375.52
FSNN,"Fusion Telecommunications International Inc.",NASDAQ,Technology,Computer Software: Prepackaged Software,6839,$156527.70
FNHC,Federated National Holding Company,NASDAQ,Finance,Property-Casualty Insurers,3445,$89264.09
SGLBW,"Sigma Labs Inc.",NASDAQ,Consumer Durables,Miscellaneous manufacturing industries,2335,$151570.44
LBTYK,Liberty Global plc,NASDAQ,Consumer Services,Television Services,9673,$71339.64
IBP,"Installed Building Products Inc.",NYSE,Basic Industries,Homebuilding,9046,$49635.39
BRX,Brixmor Property Group Inc.,NYSE,Consumer Services,Real Estate Investment Trusts,4596,$72612.24
WSR,Whitestone REIT,NYSE,Consumer Services,Real Estate Investment Trusts,4037,$226300.47
PMO,Putnam Municipal Opportunities Trust,NYSE,n/a,n/a,3567,$124640.99
CCJ,Cameco Corporation,NYSE,Basic Industries,Precious Metals,1903,$120048.28
CYS^B,"CYS Investments Inc.",NYSE,n/a,n/a,5451,$43954.80
CHSP,Chesapeake Lodging Trust,NYSE,Consumer Services,Real Estate Investment Trusts,5522,$224957.46
VCV,Invesco California Value Municipal Income Trust,NYSE,n/a,n/a,2214,$85649.80
WNRL,"Western Refining Logistics  LP",NYSE,Energy,Natural Gas Distribution,2442,$48677.56
TCBI,"Texas Capital Bancshares Inc.",NASDAQ,Finance,Major Banks,9317,$190010.56
CJJD,"China Jo-Jo Drugstores Inc.",NASDAQ,Consumer Durables,Specialty Chemicals,7544,$37186.20
PTH,PowerShares DWA Healthcare Momentum Portfolio,NASDAQ,n/a,n/a,3976,$106659.30
CRCM,"Care.com Inc.",NYSE,Consumer Services,Other Consumer Services,3404,$192076.06
GPRO,"GoPro Inc.",NASDAQ,Miscellaneous,Industrial Machinery/Components,9004,$109211.80
GSUM,Gridsum Holding Inc.,NASDAQ,Technology,Computer Software: Prepackaged Software,9098,$86001.94
GGT^B,Gabelli Multi-Media Trust Inc. (The),NYSE,n/a,n/a,2411,$18292.06
KLAC,KLA-Tencor Corporation,NASDAQ,Capital Goods,Electronic Components,8532,$172738.34
UFCS,"United Fire Group Inc",NASDAQ,Finance,Property-Casualty Insurers,7713,$169992.61
EMCG,WisdomTree Emerging Markets Consumer Growth Fund,NASDAQ,n/a,n/a,6399,$55836.48
HHC,Howard Hughes Corporation (The),NYSE,Consumer Services,Real Estate Investment Trusts,8745,$189964.13
DGICB,"Donegal Group Inc.",NASDAQ,Finance,Property-Casualty Insurers,8357,$201360.65
MSG,MSG Networks Inc.,NASDAQ,Consumer Services,Services-Misc. Amusement & Recreation,7566,$240134.19
ITUS,ITUS Corporation,NASDAQ,Miscellaneous,Multi-Sector Companies,9597,$159530.02
MRTN,"Marten Transport  Ltd.",NASDAQ,Transportation,Trucking Freight/Courier Services,7723,$97207.26
GEB,General Electric Company,NYSE,Energy,Consumer Electronics/Appliances,4959,$222022.73
AAP,Advance Auto Parts Inc,NYSE,Consumer Services,Other Specialty Stores,7090,$182067.71
CHTR,"Charter Communications Inc.",NASDAQ,Consumer Services,Television Services,7804,$188985.11
PCO,Pendrell Corporation,NASDAQ,Miscellaneous,Multi-Sector Companies,3916,$233088.63
AUDC,AudioCodes Ltd.,NASDAQ,Public Utilities,Telecommunications Equipment,5641,$74060.64
TGEN,Tecogen Inc.,NASDAQ,Capital Goods,Industrial Machinery/Components,8862,$156062.79
SMCP,AlphaMark Actively Managed Small Cap ETF,NASDAQ,n/a,n/a,9312,$55728.07
ESRT,"Empire State Realty Trust Inc.",NYSE,Consumer Services,Real Estate Investment Trusts,6989,$70252.57
WIX,Wix.com Ltd.,NASDAQ,Technology,"Computer Software: Programming  Data Processing",8618,$217794.13
DIS,Walt Disney Company (The),NYSE,Consumer Services,Television Services,9480,$244627.05
IPGP,IPG Photonics Corporation,NASDAQ,Technology,Semiconductors,9752,$203644.65
WRB^D,W.R. Berkley Corporation,NYSE,n/a,n/a,7025,$164837.44
FMC,FMC Corporation,NYSE,Basic Industries,Major Chemicals,2615,$52343.63
VERI,"Veritone Inc.",NASDAQ,Technology,EDP Services,5182,$14509.70
SOHOM,Sotherly Hotels LP,NASDAQ,Consumer Services,Hotels/Resorts,3794,$80912.24
MTOR,"Meritor Inc.",NYSE,Capital Goods,Auto Parts:O.E.M.,9090,$236886.79
TCRZ,"THL Credit Inc.",NYSE,n/a,n/a,8928,$170170.81
UCP,"UCP Inc.",NYSE,Capital Goods,Homebuilding,5059,$242565.83
AGO,Assured Guaranty Ltd.,NYSE,Finance,Property-Casualty Insurers,5085,$139717.98
VYMI,Vanguard International High Dividend Yield ETF,NASDAQ,n/a,n/a,2149,$14317.62
CRZO,"Carrizo Oil & Gas Inc.",NASDAQ,Energy,Oil & Gas Production,4287,$73935.63
DLR^H,"Digital Realty Trust Inc.",NYSE,n/a,n/a,3781,$162901.20
ROBO,ROBO Global Robotics and Automation Index ETF,NASDAQ,n/a,n/a,7369,$104896.56
REVG,"REV Group Inc.",NYSE,Capital Goods,Auto Manufacturing,7311,$113371.78
THFF,First Financial Corporation Indiana,NASDAQ,Finance,Major Banks,4925,$12731.87
CTX,Qwest Corporation,NYSE,Public Utilities,Telecommunications Equipment,1679,$129758.31
GSHTW,"Gores Holdings II Inc.",NASDAQ,Finance,Business Services,5195,$21342.19
TSBK,"Timberland Bancorp Inc.",NASDAQ,Finance,Banks,9732,$110817.71
EMCG,WisdomTree Emerging Markets Consumer Growth Fund,NASDAQ,n/a,n/a,5579,$28195.84
AER,Aercap Holdings N.V.,NYSE,Technology,Diversified Commercial Services,2676,$164674.22
FSLR,"First Solar Inc.",NASDAQ,Technology,Semiconductors,3410,$33370.21
MUR,Murphy Oil Corporation,NYSE,Energy,Oil & Gas Production,3094,$44024.87
JP,Jupai Holdings Limited,NYSE,Consumer Services,Other Consumer Services,3685,$12435.89
SIEN,"Sientra Inc.",NASDAQ,Health Care,Industrial Specialties,8211,$207914.12
GBL,"Gamco Investors Inc.",NYSE,Finance,Investment Bankers/Brokers/Service,7797,$220582.39
BCX,BlackRock Resources,NYSE,n/a,n/a,7171,$75491.33
SNOAW,"Sonoma Pharmaceuticals Inc.",NASDAQ,Health Care,Major Pharmaceuticals,3442,$201499.92
OFG,OFG Bancorp,NYSE,Finance,Major Banks,9936,$52592.40
ANDA,Andina Acquisition Corp. II,NASDAQ,Finance,Business Services,9408,$25694.34
MMYT,MakeMyTrip Limited,NASDAQ,Consumer Services,Transportation Services,8877,$141921.02
MOGLC,Gabelli NextShares Trust,NASDAQ,n/a,n/a,4892,$13985.76
MGEN,"Miragen Therapeutics Inc.",NASDAQ,Health Care,Medical Specialities,2923,$58173.58
HEQ,John Hancock Hedged Equity & Income Fund,NYSE,n/a,n/a,5404,$81208.11
ATKR,Atkore International Group Inc.,NYSE,Miscellaneous,Industrial Machinery/Components,7117,$166081.75
PHMD,"PhotoMedex Inc.",NASDAQ,Health Care,Biotechnology: Electromedical & Electrotherapeutic Apparatus,7861,$197004.10
AEM,Agnico Eagle Mines Limited,NYSE,Basic Industries,Precious Metals,2108,$95038.51
DFVL,iPath US Treasury 5-year Bull ETN,NASDAQ,Finance,Commercial Banks,5002,$182160.47
ABR,Arbor Realty Trust,NYSE,Consumer Services,Real Estate Investment Trusts,1619,$179227.75
EE,El Paso Electric Company,NYSE,Public Utilities,Electric Utilities: Central,8743,$240068.53
PEI^A,Pennsylvania Real Estate Investment Trust,NYSE,n/a,n/a,9832,$177972.87
VCIT,Vanguard Intermediate-Term Corporate Bond ETF,NASDAQ,n/a,n/a,9061,$189370.60
CRVS,"Corvus Pharmaceuticals Inc.",NASDAQ,Health Care,Major Pharmaceuticals,3155,$46678.81
NMY,Nuveen Maryland Quality Municipal Income Fund,NYSE,n/a,n/a,7825,$49408.53
KTP,Lehman ABS Corporation,NYSE,Finance,Finance: Consumer Services,4229,$35549.22
RVLT,"Revolution Lighting Technologies Inc.",NASDAQ,Consumer Durables,Building Products,3089,$161750.39
BGR,BlackRock Energy and Resources Trust,NYSE,n/a,n/a,7531,$119028.71
PPG,"PPG Industries Inc.",NYSE,Basic Industries,Paints/Coatings,1809,$100171.01
AB,AllianceBernstein Holding L.P.,NYSE,Finance,Investment Managers,5927,$199673.99
WKHS,"Workhorse Group Inc.",NASDAQ,Capital Goods,Auto Manufacturing,4362,$12135.07
THFF,First Financial Corporation Indiana,NASDAQ,Finance,Major Banks,6726,$84716.32
ATTU,Attunity Ltd.,NASDAQ,Technology,Computer Software: Prepackaged Software,4269,$237688.66
OSBC,"Old Second Bancorp Inc.",NASDAQ,Finance,Major Banks,4951,$126652.58
AMH,American Homes 4 Rent,NYSE,Consumer Services,Real Estate Investment Trusts,3303,$87232.07
ARE,"Alexandria Real Estate Equities Inc.",NYSE,Consumer Services,Real Estate Investment Trusts,5023,$136359.96
PKOH,Park-Ohio Holdings Corp.,NASDAQ,Capital Goods,Industrial Specialties,8485,$89935.41
DWSN,Dawson Geophysical Company,NASDAQ,Energy,Oil & Gas Production,6763,$67501.50
IVENC,Ivy NextShares,NASDAQ,n/a,n/a,5465,$80559.01
NVUS,"Novus Therapeutics Inc.",NASDAQ,Health Care,Major Pharmaceuticals,2035,$122780.90
HIHO,Highway Holdings Limited,NASDAQ,Capital Goods,Metal Fabrications,1709,$74744.45
PGP,Pimco Global Stocksplus & Income Fund,NYSE,n/a,n/a,2249,$55366.56
AMKR,"Amkor Technology Inc.",NASDAQ,Technology,Semiconductors,4083,$232764.56
JHS,John Hancock Income Securities Trust,NYSE,n/a,n/a,9865,$221384.30
YRD,Yirendai Ltd.,NYSE,Finance,Finance: Consumer Services,4641,$200682.20
CYS^B,"CYS Investments Inc.",NYSE,n/a,n/a,5865,$17445.53
SQ,"Square Inc.",NYSE,Technology,Computer Software: Prepackaged Software,3463,$172999.88
JCE,Nuveen Core Equity Alpha Fund,NYSE,n/a,n/a,3405,$215101.34
MO,Altria Group,NYSE,Consumer Non-Durables,Farming/Seeds/Milling,4854,$112470.93
BSE,Blackrock New York Municipal Income Quality Trust,NYSE,n/a,n/a,1832,$104053.69
NUM,Nuveen Michigan Quality Municipal Income Fund,NYSE,n/a,n/a,7702,$33167.06
RIG,Transocean Ltd.,NYSE,Energy,Oil & Gas Production,4987,$104468.18
IBOC,International Bancshares Corporation,NASDAQ,Finance,Major Banks,8041,$158039.74
SBAC,SBA Communications Corporation,NASDAQ,Consumer Services,Real Estate Investment Trusts,7900,$78138.58
WPG^H,Washington Prime Group Inc.,NYSE,n/a,n/a,9910,$17045.96
EDGW,"Edgewater Technology Inc.",NASDAQ,Technology,"Computer Software: Programming  Data Processing",4844,$33466.74
ADX,"Adams Diversified Equity Fund Inc.",NYSE,n/a,n/a,2978,$74656.75
DRAM,Dataram Corporation,NASDAQ,Technology,Electronic Components,6862,$240612.22
SAMG,Silvercrest Asset Management Group Inc.,NASDAQ,Finance,Investment Managers,7540,$227456.49
DSPG,"DSP Group Inc.",NASDAQ,Technology,Semiconductors,5757,$121299.59
CLA.CL,Capitala Finance Corp.,NYSE,n/a,n/a,4748,$112384.57
PFN,PIMCO Income Strategy Fund II,NYSE,n/a,n/a,8840,$31228.70
AHPAW,Avista Healthcare Public Acquisition Corp.,NASDAQ,Finance,Business Services,7065,$92735.27
INVE,"Identiv Inc.",NASDAQ,Technology,Computer peripheral equipment,9610,$39133.55
SQZZ,Active Alts Contrarian ETF,NASDAQ,n/a,n/a,4112,$229623.56
ARR,"ARMOUR Residential REIT Inc.",NYSE,Consumer Services,Real Estate Investment Trusts,5624,$52556.85
BLUE,"bluebird bio Inc.",NASDAQ,Health Care,Biotechnology: Biological Products (No Diagnostic Substances),2563,$138485.88
WPPGY,WPP plc,NASDAQ,Technology,Advertising,5298,$102537.35
LGCYO,Legacy Reserves LP,NASDAQ,Energy,Oil & Gas Production,3618,$39384.22
LRAD,LRAD Corporation,NASDAQ,Consumer Non-Durables,Consumer Electronics/Appliances,6897,$121041.78
SBBP,Strongbridge Biopharma plc,NASDAQ,Health Care,Major Pharmaceuticals,9688,$169169.15
CTSO,Cytosorbents Corporation,NASDAQ,Health Care,Medical/Dental Instruments,5071,$27012.35
PBBI,"PB Bancorp Inc.",NASDAQ,Finance,Savings Institutions,3833,$183060.81
UMPQ,Umpqua Holdings Corporation,NASDAQ,Finance,Savings Institutions,9933,$22897.17
SLVO,X-Links Silver Shares Covered Call ETN,NASDAQ,Finance,Investment Bankers/Brokers/Service,5552,$16703.42
MTFBW,Motif Bio plc,NASDAQ,Health Care,Major Pharmaceuticals,4518,$234194.24
IEX,IDEX Corporation,NYSE,Capital Goods,Fluid Controls,7070,$40121.57
BWINA,"Baldwin & Lyons Inc.",NASDAQ,Finance,Property-Casualty Insurers,4575,$20544.01
EVLMC,Eaton Vance NextShares Trust II,NASDAQ,n/a,n/a,5342,$130244.78
WLFC,Willis Lease Finance Corporation,NASDAQ,Consumer Durables,Industrial Specialties,7780,$148815.29
AIRG,"Airgain Inc.",NASDAQ,Technology,Radio And Television Broadcasting And Communications Equipment,2102,$124491.91
COR^A,CoreSite Realty Corporation,NYSE,n/a,n/a,4378,$84867.59
RGSE,"Real Goods Solar Inc.",NASDAQ,Basic Industries,Engineering & Construction,2185,$111220.74
QAT,iShares MSCI Qatar Capped ETF,NASDAQ,n/a,n/a,3568,$126459.75
PBHC,"Pathfinder Bancorp Inc.",NASDAQ,Finance,Major Banks,9094,$244971.46
MTB.WS,M&T Bank Corporation,NYSE,n/a,n/a,6956,$199371.62
ESS,"Essex Property Trust Inc.",NYSE,Consumer Services,Real Estate Investment Trusts,6535,$123318.38
MPB,Mid Penn Bancorp,NASDAQ,Finance,Major Banks,3385,$44682.59
JP,Jupai Holdings Limited,NYSE,Consumer Services,Other Consumer Services,6109,$122766.69
VR,"Validus Holdings  Ltd.",NYSE,Finance,Property-Casualty Insurers,1929,$54626.18
RGR,"Sturm  Ruger & Company Inc.",NYSE,Capital Goods,Ordnance And Accessories,6451,$36068.28
PRGX,"PRGX Global Inc.",NASDAQ,Consumer Services,Diversified Commercial Services,2370,$124334.57
FLWS,"1-800 FLOWERS.COM Inc.",NASDAQ,Consumer Services,Other Specialty Stores,2846,$66588.35
CBG,"CBRE Group Inc.",NYSE,Finance,Real Estate,1720,$106531.92
RYAM^A,Rayonier Advanced Materials Inc.,NYSE,n/a,n/a,9842,$118907.23
LAMR,Lamar Advertising Company,NASDAQ,Consumer Services,Real Estate Investment Trusts,5530,$129474.78
GMS,GMS Inc.,NYSE,Consumer Services,RETAIL: Building Materials,3024,$215312.21
VR,"Validus Holdings  Ltd.",NYSE,Finance,Property-Casualty Insurers,5665,$62437.18
KRMA,Global X Conscious Companies ETF,NASDAQ,n/a,n/a,3639,$158344.23
PROV,"Provident Financial Holdings Inc.",NASDAQ,Finance,Savings Institutions,1679,$137056.21
CDR^B,"Cedar Realty Trust Inc.",NYSE,n/a,n/a,8865,$243412.77
PE,"Parsley Energy Inc.",NYSE,Energy,Oil & Gas Production,2310,$193706.05
OSG,"Overseas Shipholding Group Inc.",NYSE,Transportation,Marine Transportation,7814,$209167.69
DFFN,Diffusion Pharmaceuticals Inc.,NASDAQ,Health Care,Major Pharmaceuticals,4710,$33212.07
HNRG,Hallador Energy Company,NASDAQ,Energy,Coal Mining,5036,$38954.00
DLR^G,"Digital Realty Trust Inc.",NYSE,n/a,n/a,5832,$141257.62
HLX,"Helix Energy Solutions Group Inc.",NYSE,Energy,Oilfield Services/Equipment,6476,$32318.98
NEWS,"NewStar Financial Inc.",NASDAQ,Finance,Finance: Consumer Services,5869,$112397.29
UZC,United States Cellular Corporation,NYSE,Public Utilities,Telecommunications Equipment,2123,$11659.11
AMSWA,"American Software Inc.",NASDAQ,Technology,Computer Software: Prepackaged Software,5947,$128853.43
LENS,Presbia PLC,NASDAQ,Health Care,Medical/Dental Instruments,8641,$202270.58
JPT,Nuveen Preferred and Income 2022 Term Fund,NYSE,n/a,n/a,5687,$196382.05
FULLL,Great Elm Capital Corp.,NASDAQ,n/a,n/a,7180,$17180.46
UAL,"United Continental Holdings Inc.",NYSE,Transportation,Air Freight/Delivery Services,4361,$26362.65
CAI,"CAI International Inc.",NYSE,Technology,Diversified Commercial Services,8145,$58111.09
ICON,"Iconix Brand Group Inc.",NASDAQ,Consumer Non-Durables,Shoe Manufacturing,9504,$97371.95
PSX,Phillips 66,NYSE,Energy,Integrated oil Companies,2398,$174582.89
RLJE,"RLJ Entertainment Inc.",NASDAQ,Consumer Services,Movies/Entertainment,4775,$208613.33
ANCX,Access National Corporation,NASDAQ,Finance,Savings Institutions,1704,$181899.57
DPG,Duff & Phelps Global Utility Income Fund Inc.,NYSE,n/a,n/a,7002,$108175.81
GLNG,Golar LNG Limited,NASDAQ,Consumer Services,Marine Transportation,2997,$54598.00
JOF,Japan Smaller Capitalization Fund Inc,NYSE,n/a,n/a,3871,$160458.53
ARC,"ARC Document Solutions Inc.",NYSE,Consumer Services,Professional Services,5279,$238205.90
QCLN,First Trust NASDAQ Clean Edge Green Energy Index Fund,NASDAQ,n/a,n/a,8569,$104404.61
MCK,McKesson Corporation,NYSE,Health Care,Other Pharmaceuticals,8571,$173188.21
ACET,Aceto Corporation,NASDAQ,Health Care,Other Pharmaceuticals,4777,$232498.80
FTGC,First Trust Global Tactical Commodity Strategy Fund,NASDAQ,n/a,n/a,6114,$65730.12
KMI,"Kinder Morgan Inc.",NYSE,Public Utilities,Natural Gas Distribution,2317,$151042.94
FEMS,First Trust Emerging Markets Small Cap AlphaDEX Fund,NASDAQ,n/a,n/a,3827,$183810.19
UCBI,"United Community Banks Inc.",NASDAQ,Finance,Major Banks,2581,$94746.67
MDCO,The Medicines Company,NASDAQ,Health Care,Major Pharmaceuticals,1651,$114640.34
TRVN,"Trevena Inc.",NASDAQ,Health Care,Major Pharmaceuticals,8546,$109113.00
LBRDA,Liberty Broadband Corporation,NASDAQ,Consumer Services,Television Services,9677,$43776.88
LADR,Ladder Capital Corp,NYSE,Consumer Services,Real Estate Investment Trusts,2186,$157736.50
AVGR,"Avinger Inc.",NASDAQ,Health Care,Medical/Dental Instruments,1678,$150551.19
ASG,"Liberty All-Star Growth Fund Inc.",NYSE,n/a,n/a,9964,$227041.80
OVID,Ovid Therapeutics Inc.,NASDAQ,Health Care,Major Pharmaceuticals,7949,$29989.01
RGA,"Reinsurance Group of America Incorporated",NYSE,Finance,Life Insurance,3716,$224145.37
ASA,ASA Gold and Precious Metals Limited,NYSE,n/a,n/a,5850,$59121.63
RAS^C,RAIT Financial Trust,NYSE,n/a,n/a,5067,$232727.40
